<step title="Incoming Request" date="2025-06-13T03:52:36.324" instance="9d9ad2" url="/api/publish?type=zip" method="POST" type="request" pid="820,1,23" Accept="*/*" Host="smart-notes-app-lamb2025.scm.azurewebsites.net" User-Agent="AZURECLI/2.73.0 (MSI)" Accept-Encoding="gzip, deflate" Authorization="Bas..." Cache-Control="no-cache" Content-Type="application/octet-stream" Cookie="ARRAffinity=9d9ad26f55314832f40453d107bc280606f9336225ee3827727ea25821b4efdd; ARRAffinitySameSite=9d9ad26f55314832f40453d107bc280606f9336225ee3827727ea25821b4efdd" Content-Length="9220432" x-ms-client-request-id="d2bff7d1-4809-11f0-bc62-40ec99edfd09" x-ms-artifact-checksum="0d6e8293c38b28d331dc3bac8e5beb3563a000c03e1be1a824cfa88e34bba646" X-ARR-LOG-ID="d2bff7d1-4809-11f0-bc62-40ec99edfd09" CLIENT-IP="107.214.32.197:59157" X-SITE-DEPLOYMENT-ID="smart-notes-app-lamb2025" WAS-DEFAULT-HOSTNAME="smart-notes-app-lamb2025.scm.azurewebsites.net" X-Forwarded-Proto="https" X-AppService-Proto="https" X-Forwarded-TlsVersion="1.3" X-WAWS-Unencoded-URL="/api/publish?type=zip" X-Client-IP="107.214.32.197" X-Client-Port="59157" >
  <step title="OneDeploy" date="2025-06-13T03:52:36.393" >
    <step title="None repository commit" date="2025-06-13T03:52:36.407" >
      <step title="Commit id: ba5096f6-1ed5-4ec8-8361-485102aba918" date="2025-06-13T03:52:36.411" Message="N/A" AuthorName="N/A" AuthorEmail="N/A" /><!-- duration: 2ms -->
    </step><!-- duration: 8ms -->
    <step title="Starting PushDeployAsync" date="2025-06-13T03:52:36.418" /><!-- duration: 3ms -->
    <step title="WEBSITE_RUN_FROM_PACKAGE is set to 1. Writing zip to SitePackagesPath" date="2025-06-13T03:52:36.427" /><!-- duration: 5ms -->
    <step title="Copying zip to SitePackages /home/data/SitePackages/20250613035236.zip from request body" date="2025-06-13T03:52:36.441" /><!-- duration: 2ms -->
    <step title="Writing multipart request body to /home/data/SitePackages/20250613035236.zip" date="2025-06-13T03:52:36.453" /><!-- duration: 18ms -->
    <step title="Attempting to fetch target branch HEAD" date="2025-06-13T03:52:41.862" /><!-- duration: 4ms -->
    <step title="Acquiring Deployment Lock" date="2025-06-13T03:52:41.890" /><!-- duration: 2ms -->
    <step title="Acquired Deployment Lock" date="2025-06-13T03:52:41.912" /><!-- duration: 2ms -->
    <step title="Performing fetch based deployment" date="2025-06-13T03:52:41.919" >
      <step title="Creating temporary deployment" date="2025-06-13T03:52:41.931" /><!-- duration: 60ms -->
      <step title="Releasing Deployment Lock" date="2025-06-13T03:52:43.110" /><!-- duration: 3ms -->
      <step title="None repository commit" date="2025-06-13T03:52:43.142" >
        <step title="Commit id: ba5096f6-1ed5-4ec8-8361-485102aba918" date="2025-06-13T03:52:43.144" Message="OneDeploy" AuthorName="N/A" AuthorEmail="N/A" /><!-- duration: 1ms -->
      </step><!-- duration: 5ms -->
      <step title="Deployment timer started" date="2025-06-13T03:52:45.151" >
        <step title="DeploymentManager.Deploy(id:ba5096f6-1ed5-4ec8-8361-485102aba918)" date="2025-06-13T03:52:45.157" >
          <step title="Collecting changeset information" date="2025-06-13T03:52:45.180" /><!-- duration: 61ms -->
          <step title="Updating submodules" date="2025-06-13T03:52:45.244" /><!-- duration: 1090ms -->
          <step title="Determining deployment builder" date="2025-06-13T03:52:46.477" >
            <step title="Builder is RunFromZipSiteBuilder" date="2025-06-13T03:52:46.485" /><!-- duration: 2ms -->
          </step><!-- duration: 23ms -->
          <step title="PreDeployment: context.CleanOutputPath False" date="2025-06-13T03:52:46.525" >
            <step title="PreDeployment: context.OutputPath /home/site/wwwroot" date="2025-06-13T03:52:46.608" >
              <step title="Building" date="2025-06-13T03:52:46.710" >
                <step title="Modified file to trigger a restart of the app container." date="2025-06-13T03:52:46.966" /><!-- duration: 1ms -->
                <step title="Skip function trigger and logicapp sync because function is not enabled." date="2025-06-13T03:52:46.970" /><!-- duration: 5ms -->
              </step><!-- duration: 907ms -->
            </step><!-- duration: 1020ms -->
            <step title="Cleaning up temp files" date="2025-06-13T03:52:47.629" /><!-- duration: 2ms -->
            <step title="Cleaning up temp files" date="2025-06-13T03:52:47.641" /><!-- duration: 507ms -->
            <step title="Reloading status file with latest updates" date="2025-06-13T03:52:48.176" >
              <step title="WebHooksManager.PublishEventAsync: PostDeployment" date="2025-06-13T03:52:48.190" /><!-- duration: 72ms -->
            </step><!-- duration: 87ms -->
            <step title="Cleaning up temporary deployment - fetch deployment was successful" date="2025-06-13T03:52:48.267" /><!-- duration: 5ms -->
          </step><!-- duration: 1793ms -->
        </step><!-- duration: 3164ms -->
        <step title="Outgoing response" date="2025-06-13T03:52:48.327" type="response" statusCode="200" statusText="OK" /><!-- duration: 2ms -->
      </step><!-- duration: 3179ms -->
