<step title="BackgroundTrace" date="2025-06-13T03:05:38.488" instance="9d9ad2" url="/api/zipdeploy" method="POST" >
  <step title="Cleanup Xml Logs" date="2025-06-13T03:05:38.490" /><!-- duration: 8ms -->
  <step title="Creating temporary deployment - FetchDeploymentManager" date="2025-06-13T03:05:38.590" /><!-- duration: 2ms -->
  <step title="Creating temporary deployment" date="2025-06-13T03:05:38.597" /><!-- duration: 57ms -->
  <step title="Performing fetch based deployment" date="2025-06-13T03:05:38.702" >
    <step title="Deployment timer started" date="2025-06-13T03:05:41.906" >
      <step title="DeploymentManager.Deploy(id:4ef30569-7ff2-4015-b20f-b970ecbc6be0)" date="2025-06-13T03:05:41.926" >
        <step title="Collecting changeset information" date="2025-06-13T03:05:41.959" /><!-- duration: 90ms -->
        <step title="Updating submodules" date="2025-06-13T03:05:42.076" /><!-- duration: 1094ms -->
        <step title="Determining deployment builder" date="2025-06-13T03:05:43.587" >
          <step title="Builder is RunFromZipSiteBuilder" date="2025-06-13T03:05:43.608" /><!-- duration: 8ms -->
        </step><!-- duration: 31ms -->
        <step title="PreDeployment: context.CleanOutputPath False" date="2025-06-13T03:05:43.647" >
          <step title="PreDeployment: context.OutputPath /home/site/wwwroot" date="2025-06-13T03:05:43.717" >
            <step title="Building" date="2025-06-13T03:05:43.810" >
              <step title="Triggering recycle (preview mode disabled)." date="2025-06-13T03:05:44.389" /><!-- duration: 3ms -->
              <step title="Modified file to trigger a restart of the app container." date="2025-06-13T03:05:44.410" /><!-- duration: 9ms -->
              <step title="Skip function trigger and logicapp sync because function is not enabled." date="2025-06-13T03:05:44.422" /><!-- duration: 8ms -->
              <step title="Purge deployment items" date="2025-06-13T03:05:45.601" >
                <step title="Remove 989dee64-, Failed, received at 06/12/2025 06:57:54" date="2025-06-13T03:05:45.645" /><!-- duration: 2ms -->
              </step><!-- duration: 51ms -->
            </step><!-- duration: 1885ms -->
          </step><!-- duration: 1986ms -->
          <step title="Cleaning up temp files" date="2025-06-13T03:05:45.705" /><!-- duration: 9ms -->
          <step title="Cleaning up temp files" date="2025-06-13T03:05:45.716" /><!-- duration: 511ms -->
          <step title="Reloading status file with latest updates" date="2025-06-13T03:05:46.242" >
            <step title="WebHooksManager.PublishEventAsync: PostDeployment" date="2025-06-13T03:05:46.253" /><!-- duration: 84ms -->
          </step><!-- duration: 97ms -->
          <step title="Cleaning up temporary deployment - fetch deployment was successful" date="2025-06-13T03:05:46.344" /><!-- duration: 2ms -->
        </step><!-- duration: 2761ms -->
      </step><!-- duration: 4512ms -->
