<step title="BackgroundTrace" date="2025-06-13T04:09:48.573" instance="9d9ad2" url="/api/zipdeploy" method="POST" >
  <step title="Cleanup Xml Logs" date="2025-06-13T04:09:48.576" /><!-- duration: 7ms -->
  <step title="Creating temporary deployment - FetchDeploymentManager" date="2025-06-13T04:09:48.763" /><!-- duration: 2ms -->
  <step title="Creating temporary deployment" date="2025-06-13T04:09:48.771" /><!-- duration: 56ms -->
  <step title="Performing fetch based deployment" date="2025-06-13T04:09:48.874" >
    <step title="Deployment timer started" date="2025-06-13T04:09:52.049" >
      <step title="DeploymentManager.Deploy(id:7983235a-b663-4d69-88ce-9c80e5972c8d)" date="2025-06-13T04:09:52.068" >
        <step title="Collecting changeset information" date="2025-06-13T04:09:52.100" /><!-- duration: 99ms -->
        <step title="Updating submodules" date="2025-06-13T04:09:52.203" /><!-- duration: 1074ms -->
        <step title="Determining deployment builder" date="2025-06-13T04:09:53.431" >
          <step title="Builder is RunFromZipSiteBuilder" date="2025-06-13T04:09:53.455" /><!-- duration: 2ms -->
        </step><!-- duration: 32ms -->
        <step title="PreDeployment: context.CleanOutputPath False" date="2025-06-13T04:09:53.494" >
          <step title="PreDeployment: context.OutputPath /home/site/wwwroot" date="2025-06-13T04:09:53.566" >
            <step title="Building" date="2025-06-13T04:09:53.673" >
              <step title="Triggering recycle (preview mode disabled)." date="2025-06-13T04:09:53.914" /><!-- duration: 9ms -->
              <step title="Modified file to trigger a restart of the app container." date="2025-06-13T04:09:53.953" /><!-- duration: 2ms -->
              <step title="Skip function trigger and logicapp sync because function is not enabled." date="2025-06-13T04:09:53.993" /><!-- duration: 52ms -->
            </step><!-- duration: 1143ms -->
          </step><!-- duration: 1260ms -->
          <step title="Cleaning up temp files" date="2025-06-13T04:09:54.828" /><!-- duration: 11ms -->
          <step title="Cleaning up temp files" date="2025-06-13T04:09:54.841" /><!-- duration: 521ms -->
          <step title="Reloading status file with latest updates" date="2025-06-13T04:09:55.391" >
            <step title="WebHooksManager.PublishEventAsync: PostDeployment" date="2025-06-13T04:09:55.417" /><!-- duration: 87ms -->
          </step><!-- duration: 115ms -->
          <step title="Cleaning up temporary deployment - fetch deployment was successful" date="2025-06-13T04:09:55.509" /><!-- duration: 2ms -->
        </step><!-- duration: 2081ms -->
      </step><!-- duration: 3517ms -->
