<step title="Incoming Request" date="2025-06-13T04:25:11.788" instance="9d9ad2" url="/api/zipdeploy?isAsync=true&amp;deployer=GITHUB_ZIP_DEPLOY&amp;message=%7B%22type%22%3A%22deployment%22%2C%22sha%22%3A%225179c3dfb47d2f3172d53d554fad14433c3344a2%22%2C%22repoName%22%3A%22musicFlow9999%2FSmart-Note-Taking-Web-App-Implementation-Guide%22%2C%22actor%22%3A%22musicFlow9999%22%2C%22slotName%22%3A%22production%22%2C%22commitMessage%22%3A%22Fix%20database%20initialization%3A%20ensure%20data%20directory%20exists%20before%20creating%20SQLite%20database%22%7D" method="POST" type="request" pid="823,1,7" Host="smart-notes-app-lamb2025.scm.azurewebsites.net" User-Agent="GITHUBACTIONS_DeployWebAppToAzure_4b1350dac09f4ba07cd412317dc066e863694d1d4666228fc686295b9b609619" Authorization="Bea..." Content-Type="application/octet-stream" Cookie="ARRAffinity=9d9ad26f55314832f40453d107bc280606f9336225ee3827727ea25821b4efdd;Path=/;HttpOnly;Secure;Domain=smart-notes-app-lamb2025.scm.azurewebsites.net; ARRAffinitySameSite=9d9ad26f55314832f40453d107bc280606f9336225ee3827727ea25821b4efdd;Path=/;HttpOnly;SameSite=None;Secure;Domain=smart-notes-app-lamb2025.scm.azurewebsites.net" Transfer-Encoding="chunked" X-ARR-LOG-ID="73f193fa-2ed4-4480-a983-6bd8a2e52af7" CLIENT-IP="20.246.78.25:53248" X-SITE-DEPLOYMENT-ID="smart-notes-app-lamb2025" WAS-DEFAULT-HOSTNAME="smart-notes-app-lamb2025.scm.azurewebsites.net" X-Forwarded-Proto="https" X-AppService-Proto="https" X-Forwarded-TlsVersion="1.3" X-WAWS-Unencoded-URL="/api/zipdeploy?isAsync=true&amp;deployer=GITHUB_ZIP_DEPLOY&amp;message=%7B%22type%22%3A%22deployment%22%2C%22sha%22%3A%225179c3dfb47d2f3172d53d554fad14433c3344a2%22%2C%22repoName%22%3A%22musicFlow9999%2FSmart-Note-Taking-Web-App-Implementation-Guide%22%2C%22actor%22%3A%22musicFlow9999%22%2C%22slotName%22%3A%22production%22%2C%22commitMessage%22%3A%22Fix%20database%20initialization%3A%20ensure%20data%20directory%20exists%20before%20creating%20SQLite%20database%22%7D" X-Client-IP="20.246.78.25" X-Client-Port="53248" >
  <step title="ZipPushDeploy" date="2025-06-13T04:25:11.958" >
    <step title="ZipDeploy. Run from package." date="2025-06-13T04:25:11.989" /><!-- duration: 19ms -->
    <step title="None repository commit" date="2025-06-13T04:25:12.020" >
      <step title="Commit id: 582228b4-7fbe-43f1-a30b-4043acc2f2f3" date="2025-06-13T04:25:12.027" Message="N/A" AuthorName="N/A" AuthorEmail="N/A" /><!-- duration: 10ms -->
    </step><!-- duration: 27ms -->
    <step title="Starting PushDeployAsync" date="2025-06-13T04:25:12.049" /><!-- duration: 9ms -->
    <step title="WEBSITE_RUN_FROM_PACKAGE is set to 1. Writing zip to SitePackagesPath" date="2025-06-13T04:25:12.077" /><!-- duration: 2ms -->
    <step title="Copying zip to SitePackages /home/data/SitePackages/20250613042511.zip from request body" date="2025-06-13T04:25:12.108" /><!-- duration: 10ms -->
    <step title="Writing multipart request body to /home/data/SitePackages/20250613042511.zip" date="2025-06-13T04:25:12.137" /><!-- duration: 3ms -->
    <step title="Deleting outdated zip file /home/data/SitePackages/20250613031733.zip" date="2025-06-13T04:25:13.026" /><!-- duration: 30ms -->
    <step title="Start deployment in the background" date="2025-06-13T04:25:13.085" >
      <step title="Acquiring Deployment Lock" date="2025-06-13T04:25:13.146" /><!-- duration: 2ms -->
      <step title="Acquired Deployment Lock" date="2025-06-13T04:25:13.179" /><!-- duration: 2ms -->
    </step><!-- duration: 163ms -->
  </step><!-- duration: 1294ms -->
  <step title="Outgoing response" date="2025-06-13T04:25:13.269" type="response" statusCode="202" statusText="Accepted" /><!-- duration: 3ms -->
</step><!-- duration: 1486ms -->
