<step title="Incoming Request" date="2025-06-13T03:05:32.668" instance="9d9ad2" url="/api/zipdeploy?isAsync=true" method="POST" type="request" pid="820,1,7" Accept="*/*" Host="smart-notes-app-lamb2025.scm.azurewebsites.net" User-Agent="AZURECLI/2.73.0 (MSI)" Accept-Encoding="gzip, deflate" Authorization="Bas..." Cache-Control="no-cache" Content-Type="application/octet-stream" Cookie="ARRAffinity=9d9ad26f55314832f40453d107bc280606f9336225ee3827727ea25821b4efdd; ARRAffinitySameSite=9d9ad26f55314832f40453d107bc280606f9336225ee3827727ea25821b4efdd" Content-Length="8885689" x-ms-client-request-id="2ee8f8be-4803-11f0-adb2-40ec99edfd09" x-ms-artifact-checksum="ab64e46a4a3ff59742c37903a944096b73eff9e1c33f3a1a18f0c2aa803d9d25" X-ARR-LOG-ID="2ee8f8be-4803-11f0-adb2-40ec99edfd09" CLIENT-IP="107.214.32.197:64276" X-SITE-DEPLOYMENT-ID="smart-notes-app-lamb2025" WAS-DEFAULT-HOSTNAME="smart-notes-app-lamb2025.scm.azurewebsites.net" X-Forwarded-Proto="https" X-AppService-Proto="https" X-Forwarded-TlsVersion="1.3" X-WAWS-Unencoded-URL="/api/zipdeploy?isAsync=true" X-Client-IP="107.214.32.197" X-Client-Port="64276" >
  <step title="ZipPushDeploy" date="2025-06-13T03:05:32.790" >
    <step title="ZipDeploy. Run from package." date="2025-06-13T03:05:32.810" /><!-- duration: 2ms -->
    <step title="None repository commit" date="2025-06-13T03:05:32.816" >
      <step title="Commit id: 4ef30569-7ff2-4015-b20f-b970ecbc6be0" date="2025-06-13T03:05:32.818" Message="N/A" AuthorName="N/A" AuthorEmail="N/A" /><!-- duration: 2ms -->
    </step><!-- duration: 6ms -->
    <step title="Starting PushDeployAsync" date="2025-06-13T03:05:32.824" /><!-- duration: 9ms -->
    <step title="WEBSITE_RUN_FROM_PACKAGE is set to 1. Writing zip to SitePackagesPath" date="2025-06-13T03:05:32.840" /><!-- duration: 2ms -->
    <step title="Copying zip to SitePackages /home/data/SitePackages/20250613030532.zip from request body" date="2025-06-13T03:05:32.870" /><!-- duration: 2ms -->
    <step title="Writing multipart request body to /home/data/SitePackages/20250613030532.zip" date="2025-06-13T03:05:32.874" /><!-- duration: 5ms -->
    <step title="Start deployment in the background" date="2025-06-13T03:05:38.478" >
      <step title="Acquiring Deployment Lock" date="2025-06-13T03:05:38.508" /><!-- duration: 11ms -->
      <step title="Acquired Deployment Lock" date="2025-06-13T03:05:38.578" /><!-- duration: 10ms -->
    </step><!-- duration: 179ms -->
  </step><!-- duration: 5874ms -->
  <step title="Outgoing response" date="2025-06-13T03:05:38.680" type="response" statusCode="202" statusText="Accepted" /><!-- duration: 3ms -->
</step><!-- duration: 6016ms -->
