<step title="BackgroundTrace" date="2025-06-13T04:54:57.035" instance="9d9ad2" url="/api/zipdeploy" method="POST" >
  <step title="Cleanup Xml Logs" date="2025-06-13T04:54:57.067" /><!-- duration: 59ms -->
  <step title="Creating temporary deployment - FetchDeploymentManager" date="2025-06-13T04:54:57.467" /><!-- duration: 2ms -->
  <step title="Creating temporary deployment" date="2025-06-13T04:54:57.509" /><!-- duration: 180ms -->
  <step title="Performing fetch based deployment" date="2025-06-13T04:54:57.801" >
    <step title="Deployment timer started" date="2025-06-13T04:55:01.077" >
      <step title="DeploymentManager.Deploy(id:3d262197-6b3a-468f-a158-2f18b5d9b525)" date="2025-06-13T04:55:01.095" >
        <step title="Collecting changeset information" date="2025-06-13T04:55:01.207" /><!-- duration: 242ms -->
        <step title="Updating submodules" date="2025-06-13T04:55:01.489" /><!-- duration: 1264ms -->
        <step title="Determining deployment builder" date="2025-06-13T04:55:03.217" >
          <step title="Builder is RunFromZipSiteBuilder" date="2025-06-13T04:55:03.235" /><!-- duration: 2ms -->
        </step><!-- duration: 29ms -->
        <step title="PreDeployment: context.CleanOutputPath False" date="2025-06-13T04:55:03.315" >
          <step title="PreDeployment: context.OutputPath /home/site/wwwroot" date="2025-06-13T04:55:03.457" >
            <step title="Building" date="2025-06-13T04:55:03.578" >
              <step title="Triggering recycle (preview mode disabled)." date="2025-06-13T04:55:03.984" /><!-- duration: 3ms -->
              <step title="Modified file to trigger a restart of the app container." date="2025-06-13T04:55:04.033" /><!-- duration: 2ms -->
              <step title="Skip function trigger and logicapp sync because function is not enabled." date="2025-06-13T04:55:04.114" /><!-- duration: 10ms -->
              <step title="Purge deployment items" date="2025-06-13T04:55:05.407" >
                <step title="Remove 4ef30569-, Success, received at 06/13/2025 03:05:41" date="2025-06-13T04:55:05.441" /><!-- duration: 2ms -->
              </step><!-- duration: 39ms -->
            </step><!-- duration: 1906ms -->
          </step><!-- duration: 2032ms -->
          <step title="Cleaning up temp files" date="2025-06-13T04:55:05.491" /><!-- duration: 10ms -->
          <step title="Cleaning up temp files" date="2025-06-13T04:55:05.511" /><!-- duration: 504ms -->
          <step title="Reloading status file with latest updates" date="2025-06-13T04:55:06.060" >
            <step title="WebHooksManager.PublishEventAsync: PostDeployment" date="2025-06-13T04:55:06.070" /><!-- duration: 13ms -->
          </step><!-- duration: 30ms -->
          <step title="Cleaning up temporary deployment - fetch deployment was successful" date="2025-06-13T04:55:06.094" /><!-- duration: 2ms -->
        </step><!-- duration: 2833ms -->
      </step><!-- duration: 5061ms -->
