<step title="Incoming Request" date="2025-06-13T04:28:41.009" instance="9d9ad2" url="/api/zipdeploy?isAsync=true&amp;deployer=GITHUB_ZIP_DEPLOY&amp;message=%7B%22type%22%3A%22deployment%22%2C%22sha%22%3A%22065ba38432ec3248702e34d9629d0ba52988a0d4%22%2C%22repoName%22%3A%22musicFlow9999%2FSmart-Note-Taking-Web-App-Implementation-Guide%22%2C%22actor%22%3A%22musicFlow9999%22%2C%22slotName%22%3A%22production%22%2C%22commitMessage%22%3A%22Security%3A%20Remove%20test%20credentials%20from%20frontend%20display%22%7D" method="POST" type="request" pid="820,1,7" Host="smart-notes-app-lamb2025.scm.azurewebsites.net" User-Agent="GITHUBACTIONS_DeployWebAppToAzure_4b1350dac09f4ba07cd412317dc066e863694d1d4666228fc686295b9b609619" Authorization="Bea..." Content-Type="application/octet-stream" Cookie="ARRAffinity=9d9ad26f55314832f40453d107bc280606f9336225ee3827727ea25821b4efdd;Path=/;HttpOnly;Secure;Domain=smart-notes-app-lamb2025.scm.azurewebsites.net; ARRAffinitySameSite=9d9ad26f55314832f40453d107bc280606f9336225ee3827727ea25821b4efdd;Path=/;HttpOnly;SameSite=None;Secure;Domain=smart-notes-app-lamb2025.scm.azurewebsites.net" Transfer-Encoding="chunked" X-ARR-LOG-ID="d78a0560-cdd8-4945-b113-61af4a5cb146" CLIENT-IP="20.43.247.66:15424" X-SITE-DEPLOYMENT-ID="smart-notes-app-lamb2025" WAS-DEFAULT-HOSTNAME="smart-notes-app-lamb2025.scm.azurewebsites.net" X-Forwarded-Proto="https" X-AppService-Proto="https" X-Forwarded-TlsVersion="1.3" X-WAWS-Unencoded-URL="/api/zipdeploy?isAsync=true&amp;deployer=GITHUB_ZIP_DEPLOY&amp;message=%7B%22type%22%3A%22deployment%22%2C%22sha%22%3A%22065ba38432ec3248702e34d9629d0ba52988a0d4%22%2C%22repoName%22%3A%22musicFlow9999%2FSmart-Note-Taking-Web-App-Implementation-Guide%22%2C%22actor%22%3A%22musicFlow9999%22%2C%22slotName%22%3A%22production%22%2C%22commitMessage%22%3A%22Security%3A%20Remove%20test%20credentials%20from%20frontend%20display%22%7D" X-Client-IP="20.43.247.66" X-Client-Port="15424" >
  <step title="ZipPushDeploy" date="2025-06-13T04:28:41.289" >
    <step title="ZipDeploy. Run from package." date="2025-06-13T04:28:41.471" /><!-- duration: 2ms -->
    <step title="None repository commit" date="2025-06-13T04:28:41.478" >
      <step title="Commit id: 6d061632-9cf0-4cf0-bf0d-a10f405dbaee" date="2025-06-13T04:28:41.482" Message="N/A" AuthorName="N/A" AuthorEmail="N/A" /><!-- duration: 2ms -->
    </step><!-- duration: 8ms -->
    <step title="Starting PushDeployAsync" date="2025-06-13T04:28:41.488" /><!-- duration: 2ms -->
    <step title="WEBSITE_RUN_FROM_PACKAGE is set to 1. Writing zip to SitePackagesPath" date="2025-06-13T04:28:41.626" /><!-- duration: 2ms -->
    <step title="Copying zip to SitePackages /home/data/SitePackages/20250613042841.zip from request body" date="2025-06-13T04:28:41.647" /><!-- duration: 9ms -->
    <step title="Writing multipart request body to /home/data/SitePackages/20250613042841.zip" date="2025-06-13T04:28:41.658" /><!-- duration: 2ms -->
    <step title="Deleting outdated zip file /home/data/SitePackages/20250613035236.zip" date="2025-06-13T04:28:42.346" /><!-- duration: 19ms -->
    <step title="Start deployment in the background" date="2025-06-13T04:28:42.390" >
      <step title="Acquiring Deployment Lock" date="2025-06-13T04:28:42.427" /><!-- duration: 2ms -->
      <step title="Acquired Deployment Lock" date="2025-06-13T04:28:42.464" /><!-- duration: 2ms -->
    </step><!-- duration: 158ms -->
  </step><!-- duration: 1264ms -->
  <step title="Outgoing response" date="2025-06-13T04:28:42.569" type="response" statusCode="202" statusText="Accepted" /><!-- duration: 2ms -->
</step><!-- duration: 1565ms -->
