<step title="Incoming Request" date="2025-06-13T04:09:47.586" instance="9d9ad2" url="/api/zipdeploy?isAsync=true&amp;deployer=GITHUB_ZIP_DEPLOY&amp;message=%7B%22type%22%3A%22deployment%22%2C%22sha%22%3A%226936f88fef916907e0ddc3ab6d84d8ad90f7651c%22%2C%22repoName%22%3A%22musicFlow9999%2FSmart-Note-Taking-Web-App-Implementation-Guide%22%2C%22actor%22%3A%22musicFlow9999%22%2C%22slotName%22%3A%22production%22%2C%22commitMessage%22%3A%22Merge%20pull%20request%20%2322%20from%20musicFlow9999%2Fcodex%2Ffix-503-error-on-app-container-startup%5Cn%5CnFix%20log%20directory%20startup%20failure%22%7D" method="POST" type="request" pid="820,1,21" Host="smart-notes-app-lamb2025.scm.azurewebsites.net" User-Agent="GITHUBACTIONS_DeployWebAppToAzure_4b1350dac09f4ba07cd412317dc066e863694d1d4666228fc686295b9b609619" Authorization="Bea..." Content-Type="application/octet-stream" Cookie="ARRAffinity=9d9ad26f55314832f40453d107bc280606f9336225ee3827727ea25821b4efdd;Path=/;HttpOnly;Secure;Domain=smart-notes-app-lamb2025.scm.azurewebsites.net; ARRAffinitySameSite=9d9ad26f55314832f40453d107bc280606f9336225ee3827727ea25821b4efdd;Path=/;HttpOnly;SameSite=None;Secure;Domain=smart-notes-app-lamb2025.scm.azurewebsites.net" Transfer-Encoding="chunked" X-ARR-LOG-ID="776e6b52-9818-43b2-ba4e-c454dd7fff16" CLIENT-IP="20.161.63.241:1024" X-SITE-DEPLOYMENT-ID="smart-notes-app-lamb2025" WAS-DEFAULT-HOSTNAME="smart-notes-app-lamb2025.scm.azurewebsites.net" X-Forwarded-Proto="https" X-AppService-Proto="https" X-Forwarded-TlsVersion="1.3" X-WAWS-Unencoded-URL="/api/zipdeploy?isAsync=true&amp;deployer=GITHUB_ZIP_DEPLOY&amp;message=%7B%22type%22%3A%22deployment%22%2C%22sha%22%3A%226936f88fef916907e0ddc3ab6d84d8ad90f7651c%22%2C%22repoName%22%3A%22musicFlow9999%2FSmart-Note-Taking-Web-App-Implementation-Guide%22%2C%22actor%22%3A%22musicFlow9999%22%2C%22slotName%22%3A%22production%22%2C%22commitMessage%22%3A%22Merge%20pull%20request%20%2322%20from%20musicFlow9999%2Fcodex%2Ffix-503-error-on-app-container-startup%5Cn%5CnFix%20log%20directory%20startup%20failure%22%7D" X-Client-IP="20.161.63.241" X-Client-Port="1024" >
  <step title="ZipPushDeploy" date="2025-06-13T04:09:47.685" >
    <step title="ZipDeploy. Run from package." date="2025-06-13T04:09:47.690" /><!-- duration: 2ms -->
    <step title="None repository commit" date="2025-06-13T04:09:47.697" >
      <step title="Commit id: 7983235a-b663-4d69-88ce-9c80e5972c8d" date="2025-06-13T04:09:47.699" Message="N/A" AuthorName="N/A" AuthorEmail="N/A" /><!-- duration: 2ms -->
    </step><!-- duration: 5ms -->
    <step title="Starting PushDeployAsync" date="2025-06-13T04:09:47.704" /><!-- duration: 2ms -->
    <step title="WEBSITE_RUN_FROM_PACKAGE is set to 1. Writing zip to SitePackagesPath" date="2025-06-13T04:09:47.718" /><!-- duration: 2ms -->
    <step title="Copying zip to SitePackages /home/data/SitePackages/20250613040947.zip from request body" date="2025-06-13T04:09:47.757" /><!-- duration: 8ms -->
    <step title="Writing multipart request body to /home/data/SitePackages/20250613040947.zip" date="2025-06-13T04:09:47.775" /><!-- duration: 12ms -->
    <step title="Start deployment in the background" date="2025-06-13T04:09:48.559" >
      <step title="Acquiring Deployment Lock" date="2025-06-13T04:09:48.614" /><!-- duration: 28ms -->
      <step title="Acquired Deployment Lock" date="2025-06-13T04:09:48.759" /><!-- duration: 2ms -->
    </step><!-- duration: 270ms -->
  </step><!-- duration: 1149ms -->
  <step title="Outgoing response" date="2025-06-13T04:09:48.851" type="response" statusCode="202" statusText="Accepted" /><!-- duration: 2ms -->
</step><!-- duration: 1269ms -->
