<step title="BackgroundTrace" date="2025-06-13T04:54:27.153" instance="9d9ad2" url="/api/zipdeploy" method="POST" >
  <step title="Creating temporary deployment - FetchDeploymentManager" date="2025-06-13T04:54:27.233" /><!-- duration: 1ms -->
  <step title="Creating temporary deployment" date="2025-06-13T04:54:27.246" /><!-- duration: 70ms -->
  <step title="Performing fetch based deployment" date="2025-06-13T04:54:27.470" >
    <step title="Deployment timer started" date="2025-06-13T04:54:30.806" >
      <step title="DeploymentManager.Deploy(id:4cb07c9d-0725-419f-99d1-d721018277f8)" date="2025-06-13T04:54:30.811" >
        <step title="Collecting changeset information" date="2025-06-13T04:54:30.837" /><!-- duration: 98ms -->
        <step title="Updating submodules" date="2025-06-13T04:54:30.949" /><!-- duration: 1081ms -->
        <step title="Determining deployment builder" date="2025-06-13T04:54:32.193" >
          <step title="Builder is RunFromZipSiteBuilder" date="2025-06-13T04:54:32.207" /><!-- duration: 8ms -->
        </step><!-- duration: 25ms -->
        <step title="PreDeployment: context.CleanOutputPath False" date="2025-06-13T04:54:32.269" >
          <step title="PreDeployment: context.OutputPath /home/site/wwwroot" date="2025-06-13T04:54:32.335" >
            <step title="Building" date="2025-06-13T04:54:32.425" >
              <step title="Triggering recycle (preview mode disabled)." date="2025-06-13T04:54:32.628" /><!-- duration: 2ms -->
              <step title="Modified file to trigger a restart of the app container." date="2025-06-13T04:54:32.648" /><!-- duration: 1ms -->
              <step title="Skip function trigger and logicapp sync because function is not enabled." date="2025-06-13T04:54:32.658" /><!-- duration: 8ms -->
              <step title="Purge deployment items" date="2025-06-13T04:54:33.427" >
                <step title="Remove 1a153bcc-, Success, received at 06/10/2025 04:06:03" date="2025-06-13T04:54:33.459" /><!-- duration: 1ms -->
              </step><!-- duration: 36ms -->
            </step><!-- duration: 1083ms -->
          </step><!-- duration: 1180ms -->
          <step title="Cleaning up temp files" date="2025-06-13T04:54:33.517" /><!-- duration: 14ms -->
          <step title="Cleaning up temp files" date="2025-06-13T04:54:33.532" /><!-- duration: 509ms -->
          <step title="Reloading status file with latest updates" date="2025-06-13T04:54:34.101" >
            <step title="WebHooksManager.PublishEventAsync: PostDeployment" date="2025-06-13T04:54:34.110" /><!-- duration: 94ms -->
          </step><!-- duration: 105ms -->
          <step title="Cleaning up temporary deployment - fetch deployment was successful" date="2025-06-13T04:54:34.213" /><!-- duration: 2ms -->
        </step><!-- duration: 2005ms -->
      </step><!-- duration: 3480ms -->
