﻿<?xml version="1.0" encoding="utf-8"?>
<deployment>
  <id>0be6ded7-ff04-438f-9bd5-01cbab7285ed</id>
  <author>N/A</author>
  <deployer>GITHUB_ZIP_DEPLOY</deployer>
  <authorEmail>N/A</authorEmail>
  <message>{"type":"deployment","sha":"c3e1c4e35cab32949342636d647e310e15756afa","repoName":"musicFlow9999/Smart-Note-Taking-Web-App-Implementation-Guide","actor":"musicFlow9999","slotName":"production","commitMessage":"Update AGENTS.md with troubleshooting session notes and resolution"}</message>
  <progress></progress>
  <status>Success</status>
  <statusText></statusText>
  <lastSuccessEndTime>2025-06-13T04:21:09.5440547Z</lastSuccessEndTime>
  <receivedTime>2025-06-13T04:21:07.2589098Z</receivedTime>
  <startTime>2025-06-13T04:21:08.4876577Z</startTime>
  <endTime>2025-06-13T04:21:09.5440547Z</endTime>
  <complete>True</complete>
  <is_temp>False</is_temp>
  <is_readonly>True</is_readonly>
  <buildSummary />
</deployment>