﻿<?xml version="1.0" encoding="utf-8"?>
<deployment>
  <id>947ff86d-b573-462c-9838-6d046ace98d9</id>
  <author>N/A</author>
  <deployer>GITHUB_ZIP_DEPLOY</deployer>
  <authorEmail>N/A</authorEmail>
  <message>{"type":"deployment","sha":"d4a88d134409de4dd1ea4e6fb61f2f219e9c9608","repoName":"musicFlow9999/Smart-Note-Taking-Web-App-Implementation-Guide","actor":"musicFlow9999","slotName":"production","commitMessage":"Update gitignore to exclude new log files and archives"}</message>
  <progress></progress>
  <status>Success</status>
  <statusText></statusText>
  <lastSuccessEndTime>2025-06-13T04:04:05.2052133Z</lastSuccessEndTime>
  <receivedTime>2025-06-13T04:04:02.8566035Z</receivedTime>
  <startTime>2025-06-13T04:04:04.2827275Z</startTime>
  <endTime>2025-06-13T04:04:05.2052133Z</endTime>
  <complete>True</complete>
  <is_temp>False</is_temp>
  <is_readonly>True</is_readonly>
  <buildSummary />
</deployment>