﻿<?xml version="1.0" encoding="utf-8"?>
<deployment>
  <id>4cb07c9d-0725-419f-99d1-d721018277f8</id>
  <author>N/A</author>
  <deployer>GITHUB_ZIP_DEPLOY</deployer>
  <authorEmail>N/A</authorEmail>
  <message>{"type":"deployment","sha":"915a7fc9ad64135d85755bf9bf3c426f26135559","repoName":"musicFlow9999/Smart-Note-Taking-Web-App-Implementation-Guide","actor":"musicFlow9999","slotName":"production","commitMessage":"Fix: Add default userId to document creation endpoint to resolve NOT NULL constraint\n\n- Add default-user-id to POST /api/documents endpoint\n- Resolves test failures due to user_id NOT NULL constraint\n- All tests now passing: basic, enhanced, and auth tests\n- TODO: Implement proper JWT authentication for user_id extraction"}</message>
  <progress></progress>
  <status>Success</status>
  <statusText></statusText>
  <lastSuccessEndTime>2025-06-13T04:54:33.0574049Z</lastSuccessEndTime>
  <receivedTime>2025-06-13T04:54:30.8662133Z</receivedTime>
  <startTime>2025-06-13T04:54:32.1600486Z</startTime>
  <endTime>2025-06-13T04:54:33.0574049Z</endTime>
  <complete>True</complete>
  <is_temp>False</is_temp>
  <is_readonly>True</is_readonly>
  <buildSummary />
</deployment>