<step title="Incoming Request" date="2025-06-13T03:17:33.959" instance="9d9ad2" url="/api/zipdeploy?isAsync=true&amp;deployer=GITHUB_ZIP_DEPLOY&amp;message=%7B%22type%22%3A%22deployment%22%2C%22sha%22%3A%2284ac39770f06bab84ff9185718c55069ae47559c%22%2C%22repoName%22%3A%22musicFlow9999%2FSmart-Note-Taking-Web-App-Implementation-Guide%22%2C%22actor%22%3A%22musicFlow9999%22%2C%22slotName%22%3A%22production%22%2C%22commitMessage%22%3A%22Merge%20pull%20request%20%2321%20from%20musicFlow9999%2Fcodex%2Ffix-rsync-errors-and-container-stability%5Cn%5CnFix%20deploy%20workflow%22%7D" method="POST" type="request" pid="820,1,25" Host="smart-notes-app-lamb2025.scm.azurewebsites.net" User-Agent="GITHUBACTIONS_DeployWebAppToAzure_4b1350dac09f4ba07cd412317dc066e863694d1d4666228fc686295b9b609619" Authorization="Bea..." Content-Type="application/octet-stream" Cookie="ARRAffinity=9d9ad26f55314832f40453d107bc280606f9336225ee3827727ea25821b4efdd;Path=/;HttpOnly;Secure;Domain=smart-notes-app-lamb2025.scm.azurewebsites.net; ARRAffinitySameSite=9d9ad26f55314832f40453d107bc280606f9336225ee3827727ea25821b4efdd;Path=/;HttpOnly;SameSite=None;Secure;Domain=smart-notes-app-lamb2025.scm.azurewebsites.net" Transfer-Encoding="chunked" X-ARR-LOG-ID="8c2fb3bf-3109-4cf2-8f4d-7540f31ab292" CLIENT-IP="20.42.43.94:65472" X-SITE-DEPLOYMENT-ID="smart-notes-app-lamb2025" WAS-DEFAULT-HOSTNAME="smart-notes-app-lamb2025.scm.azurewebsites.net" X-Forwarded-Proto="https" X-AppService-Proto="https" X-Forwarded-TlsVersion="1.3" X-WAWS-Unencoded-URL="/api/zipdeploy?isAsync=true&amp;deployer=GITHUB_ZIP_DEPLOY&amp;message=%7B%22type%22%3A%22deployment%22%2C%22sha%22%3A%2284ac39770f06bab84ff9185718c55069ae47559c%22%2C%22repoName%22%3A%22musicFlow9999%2FSmart-Note-Taking-Web-App-Implementation-Guide%22%2C%22actor%22%3A%22musicFlow9999%22%2C%22slotName%22%3A%22production%22%2C%22commitMessage%22%3A%22Merge%20pull%20request%20%2321%20from%20musicFlow9999%2Fcodex%2Ffix-rsync-errors-and-container-stability%5Cn%5CnFix%20deploy%20workflow%22%7D" X-Client-IP="20.42.43.94" X-Client-Port="65472" >
  <step title="ZipPushDeploy" date="2025-06-13T03:17:33.989" >
    <step title="ZipDeploy. Run from package." date="2025-06-13T03:17:33.996" /><!-- duration: 4ms -->
    <step title="Starting PushDeployAsync" date="2025-06-13T03:17:34.004" /><!-- duration: 2ms -->
    <step title="WEBSITE_RUN_FROM_PACKAGE is set to 1. Writing zip to SitePackagesPath" date="2025-06-13T03:17:34.015" /><!-- duration: 3ms -->
    <step title="Copying zip to SitePackages /home/data/SitePackages/20250613031733.zip from request body" date="2025-06-13T03:17:34.022" /><!-- duration: 3ms -->
    <step title="Writing multipart request body to /home/data/SitePackages/20250613031733.zip" date="2025-06-13T03:17:34.027" /><!-- duration: 8ms -->
    <step title="Start deployment in the background" date="2025-06-13T03:17:34.872" >
      <step title="Acquiring Deployment Lock" date="2025-06-13T03:17:34.924" /><!-- duration: 2ms -->
      <step title="Acquired Deployment Lock" date="2025-06-13T03:17:34.943" /><!-- duration: 2ms -->
    </step><!-- duration: 164ms -->
  </step><!-- duration: 1055ms -->
  <step title="Outgoing response" date="2025-06-13T03:17:35.047" type="response" statusCode="202" statusText="Accepted" /><!-- duration: 2ms -->
</step><!-- duration: 1091ms -->
