<step title="BackgroundTrace" date="2025-06-13T04:03:59.064" instance="9d9ad2" url="/api/zipdeploy" method="POST" >
  <step title="Cleanup Xml Logs" date="2025-06-13T04:03:59.066" /><!-- duration: 4ms -->
  <step title="Creating temporary deployment - FetchDeploymentManager" date="2025-06-13T04:03:59.137" /><!-- duration: 9ms -->
  <step title="Creating temporary deployment" date="2025-06-13T04:03:59.155" /><!-- duration: 63ms -->
  <step title="Performing fetch based deployment" date="2025-06-13T04:03:59.250" >
    <step title="Deployment timer started" date="2025-06-13T04:04:02.576" >
      <step title="DeploymentManager.Deploy(id:947ff86d-b573-462c-9838-6d046ace98d9)" date="2025-06-13T04:04:02.637" >
        <step title="Collecting changeset information" date="2025-06-13T04:04:02.745" /><!-- duration: 223ms -->
        <step title="Updating submodules" date="2025-06-13T04:04:03.036" /><!-- duration: 1154ms -->
        <step title="Determining deployment builder" date="2025-06-13T04:04:04.315" >
          <step title="Builder is RunFromZipSiteBuilder" date="2025-06-13T04:04:04.324" /><!-- duration: 8ms -->
        </step><!-- duration: 19ms -->
        <step title="PreDeployment: context.CleanOutputPath False" date="2025-06-13T04:04:04.376" >
          <step title="PreDeployment: context.OutputPath /home/site/wwwroot" date="2025-06-13T04:04:04.462" >
            <step title="Building" date="2025-06-13T04:04:04.545" >
              <step title="Triggering recycle (preview mode disabled)." date="2025-06-13T04:04:04.772" /><!-- duration: 6ms -->
              <step title="Modified file to trigger a restart of the app container." date="2025-06-13T04:04:04.799" /><!-- duration: 2ms -->
              <step title="Skip function trigger and logicapp sync because function is not enabled." date="2025-06-13T04:04:04.808" /><!-- duration: 10ms -->
            </step><!-- duration: 911ms -->
          </step><!-- duration: 1001ms -->
          <step title="Cleaning up temp files" date="2025-06-13T04:04:05.465" /><!-- duration: 6ms -->
          <step title="Cleaning up temp files" date="2025-06-13T04:04:05.479" /><!-- duration: 521ms -->
          <step title="Reloading status file with latest updates" date="2025-06-13T04:04:06.029" >
            <step title="WebHooksManager.PublishEventAsync: PostDeployment" date="2025-06-13T04:04:06.038" /><!-- duration: 24ms -->
          </step><!-- duration: 35ms -->
          <step title="Cleaning up temporary deployment - fetch deployment was successful" date="2025-06-13T04:04:06.072" /><!-- duration: 2ms -->
        </step><!-- duration: 1752ms -->
      </step><!-- duration: 3500ms -->
