<step title="BackgroundTrace" date="2025-06-13T04:21:03.774" instance="9d9ad2" url="/api/zipdeploy" method="POST" >
  <step title="Cleanup Xml Logs" date="2025-06-13T04:21:03.776" /><!-- duration: 5ms -->
  <step title="Creating temporary deployment - FetchDeploymentManager" date="2025-06-13T04:21:03.864" /><!-- duration: 2ms -->
  <step title="Creating temporary deployment" date="2025-06-13T04:21:03.878" /><!-- duration: 49ms -->
  <step title="Performing fetch based deployment" date="2025-06-13T04:21:03.973" >
    <step title="Deployment timer started" date="2025-06-13T04:21:07.180" >
      <step title="DeploymentManager.Deploy(id:0be6ded7-ff04-438f-9bd5-01cbab7285ed)" date="2025-06-13T04:21:07.197" >
        <step title="Collecting changeset information" date="2025-06-13T04:21:07.219" /><!-- duration: 81ms -->
        <step title="Updating submodules" date="2025-06-13T04:21:07.304" /><!-- duration: 1075ms -->
        <step title="Determining deployment builder" date="2025-06-13T04:21:08.518" >
          <step title="Builder is RunFromZipSiteBuilder" date="2025-06-13T04:21:08.543" /><!-- duration: 2ms -->
        </step><!-- duration: 34ms -->
        <step title="PreDeployment: context.CleanOutputPath False" date="2025-06-13T04:21:08.581" >
          <step title="PreDeployment: context.OutputPath /home/site/wwwroot" date="2025-06-13T04:21:08.650" >
            <step title="Building" date="2025-06-13T04:21:08.770" >
              <step title="Triggering recycle (preview mode disabled)." date="2025-06-13T04:21:09.044" /><!-- duration: 10ms -->
              <step title="Modified file to trigger a restart of the app container." date="2025-06-13T04:21:09.084" /><!-- duration: 10ms -->
              <step title="Skip function trigger and logicapp sync because function is not enabled." date="2025-06-13T04:21:09.097" /><!-- duration: 28ms -->
            </step><!-- duration: 1104ms -->
          </step><!-- duration: 1244ms -->
          <step title="Cleaning up temp files" date="2025-06-13T04:21:09.902" /><!-- duration: 11ms -->
          <step title="Cleaning up temp files" date="2025-06-13T04:21:09.914" /><!-- duration: 523ms -->
          <step title="Reloading status file with latest updates" date="2025-06-13T04:21:10.964" >
            <step title="WebHooksManager.PublishEventAsync: PostDeployment" date="2025-06-13T04:21:10.977" /><!-- duration: 95ms -->
          </step><!-- duration: 114ms -->
          <step title="Cleaning up temporary deployment - fetch deployment was successful" date="2025-06-13T04:21:11.082" /><!-- duration: 7ms -->
        </step><!-- duration: 2539ms -->
      </step><!-- duration: 3936ms -->
