<step title="Incoming Request" date="2025-06-12T06:56:31.810" instance="3934d2" url="/api/publish?type=zip" method="POST" type="request" pid="820,1,25" Accept="*/*" Host="smart-notes-app-lamb2025.scm.azurewebsites.net" User-Agent="AZURECLI/2.73.0 (MSI)" Accept-Encoding="gzip, deflate" Authorization="Bas..." Cache-Control="no-cache" Content-Type="application/octet-stream" Cookie="ARRAffinity=3934d2ba198b190ab00a0d51692c574c482804c6d3bc24b2748af08de2f737a6; ARRAffinitySameSite=3934d2ba198b190ab00a0d51692c574c482804c6d3bc24b2748af08de2f737a6" Content-Length="26720" x-ms-client-request-id="5a2cdb1d-475a-11f0-9c0b-40ec99edfd09" x-ms-artifact-checksum="0a208aa7a9eb82f8fcaac504577cd640ad86990a32d8debccdbb89ae0ba8bdd9" X-ARR-LOG-ID="5a2cdb1d-475a-11f0-9c0b-40ec99edfd09" CLIENT-IP="107.214.32.197:49710" X-SITE-DEPLOYMENT-ID="smart-notes-app-lamb2025" WAS-DEFAULT-HOSTNAME="smart-notes-app-lamb2025.scm.azurewebsites.net" X-Forwarded-Proto="https" X-AppService-Proto="https" X-Forwarded-TlsVersion="1.3" X-WAWS-Unencoded-URL="/api/publish?type=zip" X-Client-IP="107.214.32.197" X-Client-Port="49710" >
  <step title="OneDeploy" date="2025-06-12T06:56:31.846" >
    <step title="Starting PushDeployAsync" date="2025-06-12T06:56:31.855" /><!-- duration: 2ms -->
    <step title="Writing artifact to /tmp/zipdeploy/ef41ecae-c611-49ac-be0f-bb9e5acb4f7c.zip" date="2025-06-12T06:56:31.867" >
      <step title="Writing multipart request body to /tmp/zipdeploy/ef41ecae-c611-49ac-be0f-bb9e5acb4f7c.zip" date="2025-06-12T06:56:31.872" /><!-- duration: 6ms -->
    </step><!-- duration: 23ms -->
    <step title="Attempting to fetch target branch HEAD" date="2025-06-12T06:56:31.899" /><!-- duration: 2ms -->
    <step title="Acquiring Deployment Lock" date="2025-06-12T06:56:31.904" /><!-- duration: 4ms -->
    <step title="Acquired Deployment Lock" date="2025-06-12T06:56:31.927" /><!-- duration: 2ms -->
    <step title="Performing fetch based deployment" date="2025-06-12T06:56:31.937" >
      <step title="Creating temporary deployment" date="2025-06-12T06:56:31.940" /><!-- duration: 44ms -->
      <step title="Releasing Deployment Lock" date="2025-06-12T06:56:33.067" /><!-- duration: 5ms -->
      <step title="Cleaning up temp folders from previous zip deployments and extracting pushed zip file /tmp/zipdeploy/ef41ecae-c611-49ac-be0f-bb9e5acb4f7c.zip (0.03 MB) to /tmp/zipdeploy/extracted" date="2025-06-12T06:56:33.090" >
        <step title="ChmodRecursive Process exited with total time taken in ms: 12" date="2025-06-12T06:56:33.190" /><!-- duration: 2ms -->
      </step><!-- duration: 105ms -->
      <step title="None repository commit" date="2025-06-12T06:56:33.197" >
        <step title="Commit id: 29dd647c-8665-47e3-acfb-31aabfea59a7" date="2025-06-12T06:56:33.200" Message="OneDeploy" AuthorName="N/A" AuthorEmail="N/A" /><!-- duration: 2ms -->
      </step><!-- duration: 7ms -->
      <step title="Deployment timer started" date="2025-06-12T06:56:35.207" >
        <step title="DeploymentManager.Deploy(id:29dd647c-8665-47e3-acfb-31aabfea59a7)" date="2025-06-12T06:56:35.213" >
          <step title="Collecting changeset information" date="2025-06-12T06:56:35.222" /><!-- duration: 58ms -->
          <step title="Updating submodules" date="2025-06-12T06:56:35.285" /><!-- duration: 1070ms -->
          <step title="Determining deployment builder" date="2025-06-12T06:56:36.485" >
            <step title="Builder is OneDeployBuilder" date="2025-06-12T06:56:36.496" /><!-- duration: 2ms -->
          </step><!-- duration: 15ms -->
          <step title="PreDeployment: context.CleanOutputPath False" date="2025-06-12T06:56:36.527" >
            <step title="PreDeployment: context.OutputPath /home/site/wwwroot" date="2025-06-12T06:56:36.657" >
              <step title="Building" date="2025-06-12T06:56:36.742" >
                <step title="Executing external process" date="2025-06-12T06:56:37.061" type="process" path="starter.sh" arguments="/opt/Kudu/Scripts/parallel_rsync.sh /tmp/zipdeploy/extracted /home/site/wwwroot 8 /tmp/ False False  " >
                  <step title="Process dump" date="2025-06-12T06:56:39.295" exitCode="123" type="processOutput" /><!-- duration: 5ms -->
                </step><!-- duration: 2241ms -->
                <step title="Error occurred" date="2025-06-12T06:56:39.315" type="error" text="rsync: [generator] recv_generator: failed to stat &quot;/home/site/wwwroot/src\fileData.js&quot;: Invalid argument (22)
rsync: [generator] recv_generator: failed to stat &quot;/home/site/wwwroot/src\server.js&quot;: Invalid argument (22)
rsync: [generator] recv_generator: failed to stat &quot;/home/site/wwwroot/src\auth.js&quot;: Invalid argument (22)
rsync: [generator] recv_generator: failed to stat &quot;/home/site/wwwroot/src\logger.js&quot;: Invalid argument (22)
rsync: [generator] recv_generator: failed to stat &quot;/home/site/wwwroot/src\store.js&quot;: Invalid argument (22)
rsync: [generator] recv_generator: failed to stat &quot;/home/site/wwwroot/src\sqliteStore.js&quot;: Invalid argument (22)
rsync: [generator] recv_generator: failed to stat &quot;/home/site/wwwroot/src\sqliteStoreJS.js&quot;: Invalid argument (22)
rsync: [generator] recv_generator: failed to stat &quot;/home/site/wwwroot/src\data.js&quot;: Invalid argument (22)
rsync error: some files/attrs were not transferred (see previous errors) (code 23) at main.c(1338) [sender=3.2.7]
rsync error: some files/attrs were not transferred (see previous errors) (code 23) at main.c(1338) [sender=3.2.7]
rsync: [generator] recv_generator: failed to stat &quot;/home/site/wwwroot/src\fileData.js&quot;: Invalid argument (22)
rsync: [generator] recv_generator: failed to stat &quot;/home/site/wwwroot/src\server.js&quot;: Invalid argument (22)
rsync: [generator] recv_generator: failed to stat &quot;/home/site/wwwroot/src\data.js&quot;: Invalid argument (22)
rsync error: some files/attrs were not transferred (see previous errors) (code 23) at main.c(1338) [sender=3.2.7]
rsync error: some files/attrs were not transferred (see previous errors) (code 23) at main.c(1338) [sender=3.2.7]
rsync error: some files/attrs were not transferred (see previous errors) (code 23) at main.c(1338) [sender=3.2.7]
rsync: [generator] recv_generator: failed to stat &quot;/home/site/wwwroot/src\auth.js&quot;: Invalid argument (22)
rsync: [generator] recv_generator: failed to stat &quot;/home/site/wwwroot/src\logger.js&quot;: Invalid argument (22)
rsync: [generator] recv_generator: failed to stat &quot;/home/site/wwwroot/src\store.js&quot;: Invalid argument (22)
rsync: [generator] recv_generator: failed to stat &quot;/home/site/wwwroot/src\sqliteStore.js&quot;: Invalid argument (22)
rsync: [generator] recv_generator: failed to stat &quot;/home/site/wwwroot/src\sqliteStoreJS.js&quot;: Invalid argument (22)
rsync error: some files/attrs were not transferred (see previous errors) (code 23) at main.c(1338) [sender=3.2.7]
rsync error: some files/attrs were not transferred (see previous errors) (code 23) at main.c(1338) [sender=3.2.7]
rsync error: some files/attrs were not transferred (see previous errors) (code 23) at main.c(1338) [sender=3.2.7]
rsync error: some files/attrs were not transferred (see previous errors) (code 23) at main.c(1338) [sender=3.2.7]
rsync error: some files/attrs were not transferred (see previous errors) (code 23) at main.c(1338) [sender=3.2.7]
/opt/Kudu/Scripts/starter.sh /opt/Kudu/Scripts/parallel_rsync.sh /tmp/zipdeploy/extracted /home/site/wwwroot 8 /tmp/ False False  " stackTrace="   at Kudu.Core.Infrastructure.Executable.ExecuteInternal(ITracer tracer, Func`2 onWriteOutput, Func`2 onWriteError, CancellationToken token, Encoding encoding, String arguments, Object[] args) in /tmp/KuduLite/Kudu.Core/Infrastructure/Executable.cs:line 239
   at Kudu.Core.Infrastructure.Executable.ExecuteWithProgressWriter(ILogger logger, ITracer tracer, CancellationToken token, String arguments, Object[] args) in /tmp/KuduLite/Kudu.Core/Infrastructure/Executable.cs:line 118
   at Kudu.Core.Deployment.Generator.ExternalCommandBuilder.RunCommand(DeploymentContext context, String command, Boolean ignoreManifest, CancellationToken token, String message) in /tmp/KuduLite/Kudu.Core/Deployment/Generator/ExternalCommandBuilder.cs:line 115" /><!-- duration: 3ms -->
                <step title="Error occurred" date="2025-06-12T06:56:39.546" type="error" text="Invalid argument : &apos;/home/site/wwwroot/src\sqliteStore.js&apos;" stackTrace="   at Microsoft.Win32.SafeHandles.SafeFileHandle.Open(String , OpenFlags , Int32 )
   at Microsoft.Win32.SafeHandles.SafeFileHandle.Open(String , FileMode , FileAccess , FileShare , FileOptions , Int64 )
   at System.IO.File.OpenHandle(String , FileMode , FileAccess , FileShare , FileOptions , Int64 )
   at System.IO.FileSystem.CopyFile(String , String , Boolean )
   at System.IO.File.Copy(String , String , Boolean )
   at System.IO.Abstractions.FileWrapper.Copy(String sourceFileName, String destFileName, Boolean overwrite)
   at Kudu.Core.Infrastructure.FileSystemHelpers.CopyDirectoryRecursive(String sourceDirPath, String destinationDirPath, Boolean overwrite) in /tmp/KuduLite/Kudu.Core/Infrastructure/FileSystemHelpers.cs:line 239
   at Kudu.Core.Deployment.Generator.OneDeployBuilder.Build(DeploymentContext context, CancellationToken token) in /tmp/KuduLite/Kudu.Core/Deployment/Generator/OneDeployBuilder.cs:line 113
   at Kudu.Core.Deployment.DeploymentManager.Build(ChangeSet changeSet, ITracer tracer, IDisposable deployStep, IRepository repository, DeploymentInfoBase deploymentInfo, DeploymentAnalytics deploymentAnalytics, Boolean fullBuildByDefault, CancellationToken cancellationToken) in /tmp/KuduLite/Kudu.Core/Deployment/DeploymentManager.cs:line 771" /><!-- duration: 2ms -->
                <step title="Purge deployment items" date="2025-06-12T06:56:39.753" >
                  <step title="Remove 9b401be8-, Failed, received at 06/12/2025 06:54:40" date="2025-06-12T06:56:39.781" /><!-- duration: 2ms -->
                </step><!-- duration: 32ms -->
              </step><!-- duration: 3046ms -->
            </step><!-- duration: 3134ms -->
            <step title="Error occurred" date="2025-06-12T06:56:39.793" type="error" text="Invalid argument : &apos;/home/site/wwwroot/src\sqliteStore.js&apos;" stackTrace="   at Microsoft.Win32.SafeHandles.SafeFileHandle.Open(String , OpenFlags , Int32 )
   at Microsoft.Win32.SafeHandles.SafeFileHandle.Open(String , FileMode , FileAccess , FileShare , FileOptions , Int64 )
   at System.IO.File.OpenHandle(String , FileMode , FileAccess , FileShare , FileOptions , Int64 )
   at System.IO.FileSystem.CopyFile(String , String , Boolean )
   at System.IO.File.Copy(String , String , Boolean )
   at System.IO.Abstractions.FileWrapper.Copy(String sourceFileName, String destFileName, Boolean overwrite)
   at Kudu.Core.Infrastructure.FileSystemHelpers.CopyDirectoryRecursive(String sourceDirPath, String destinationDirPath, Boolean overwrite) in /tmp/KuduLite/Kudu.Core/Infrastructure/FileSystemHelpers.cs:line 239
   at Kudu.Core.Deployment.Generator.OneDeployBuilder.Build(DeploymentContext context, CancellationToken token) in /tmp/KuduLite/Kudu.Core/Deployment/Generator/OneDeployBuilder.cs:line 113
   at Kudu.Core.Deployment.DeploymentManager.Build(ChangeSet changeSet, ITracer tracer, IDisposable deployStep, IRepository repository, DeploymentInfoBase deploymentInfo, DeploymentAnalytics deploymentAnalytics, Boolean fullBuildByDefault, CancellationToken cancellationToken) in /tmp/KuduLite/Kudu.Core/Deployment/DeploymentManager.cs:line 771
   at Kudu.Core.Deployment.DeploymentManager.Build(ChangeSet changeSet, ITracer tracer, IDisposable deployStep, IRepository repository, DeploymentInfoBase deploymentInfo, DeploymentAnalytics deploymentAnalytics, Boolean fullBuildByDefault, CancellationToken cancellationToken) in /tmp/KuduLite/Kudu.Core/Deployment/DeploymentManager.cs:line 840" /><!-- duration: 2ms -->
            <step title="Cleaning up temp files" date="2025-06-12T06:56:39.830" /><!-- duration: 3ms -->
            <step title="Cleaning up temp files" date="2025-06-12T06:56:39.836" /><!-- duration: 514ms -->
            <step title="Error occurred" date="2025-06-12T06:56:40.368" type="error" text="Invalid argument : &apos;/home/site/wwwroot/src\sqliteStore.js&apos;" stackTrace="   at Microsoft.Win32.SafeHandles.SafeFileHandle.Open(String , OpenFlags , Int32 )
   at Microsoft.Win32.SafeHandles.SafeFileHandle.Open(String , FileMode , FileAccess , FileShare , FileOptions , Int64 )
   at System.IO.File.OpenHandle(String , FileMode , FileAccess , FileShare , FileOptions , Int64 )
   at System.IO.FileSystem.CopyFile(String , String , Boolean )
   at System.IO.File.Copy(String , String , Boolean )
   at System.IO.Abstractions.FileWrapper.Copy(String sourceFileName, String destFileName, Boolean overwrite)
   at Kudu.Core.Infrastructure.FileSystemHelpers.CopyDirectoryRecursive(String sourceDirPath, String destinationDirPath, Boolean overwrite) in /tmp/KuduLite/Kudu.Core/Infrastructure/FileSystemHelpers.cs:line 239
   at Kudu.Core.Deployment.Generator.OneDeployBuilder.Build(DeploymentContext context, CancellationToken token) in /tmp/KuduLite/Kudu.Core/Deployment/Generator/OneDeployBuilder.cs:line 113
   at Kudu.Core.Deployment.DeploymentManager.Build(ChangeSet changeSet, ITracer tracer, IDisposable deployStep, IRepository repository, DeploymentInfoBase deploymentInfo, DeploymentAnalytics deploymentAnalytics, Boolean fullBuildByDefault, CancellationToken cancellationToken) in /tmp/KuduLite/Kudu.Core/Deployment/DeploymentManager.cs:line 771
   at Kudu.Core.Deployment.DeploymentManager.Build(ChangeSet changeSet, ITracer tracer, IDisposable deployStep, IRepository repository, DeploymentInfoBase deploymentInfo, DeploymentAnalytics deploymentAnalytics, Boolean fullBuildByDefault, CancellationToken cancellationToken) in /tmp/KuduLite/Kudu.Core/Deployment/DeploymentManager.cs:line 840
   at Kudu.Core.Deployment.DeploymentManager.DeployAsync(IRepository repository, ChangeSet changeSet, String deployer, Boolean clean, DeploymentInfoBase deploymentInfo, Boolean needFileUpdate, Boolean fullBuildByDefault) in /tmp/KuduLite/Kudu.Core/Deployment/DeploymentManager.cs:line 266" /><!-- duration: 3ms -->
          </step><!-- duration: 3850ms -->
          <step title="Reloading status file with latest updates" date="2025-06-12T06:56:40.396" >
            <step title="WebHooksManager.PublishEventAsync: PostDeployment" date="2025-06-12T06:56:40.399" /><!-- duration: 19ms -->
          </step><!-- duration: 25ms -->
          <step title="Error occurred" date="2025-06-12T06:56:40.423" type="error" text="Invalid argument : &apos;/home/site/wwwroot/src\sqliteStore.js&apos;" stackTrace="   at Microsoft.Win32.SafeHandles.SafeFileHandle.Open(String , OpenFlags , Int32 )
   at Microsoft.Win32.SafeHandles.SafeFileHandle.Open(String , FileMode , FileAccess , FileShare , FileOptions , Int64 )
   at System.IO.File.OpenHandle(String , FileMode , FileAccess , FileShare , FileOptions , Int64 )
   at System.IO.FileSystem.CopyFile(String , String , Boolean )
   at System.IO.File.Copy(String , String , Boolean )
   at System.IO.Abstractions.FileWrapper.Copy(String sourceFileName, String destFileName, Boolean overwrite)
   at Kudu.Core.Infrastructure.FileSystemHelpers.CopyDirectoryRecursive(String sourceDirPath, String destinationDirPath, Boolean overwrite) in /tmp/KuduLite/Kudu.Core/Infrastructure/FileSystemHelpers.cs:line 239
   at Kudu.Core.Deployment.Generator.OneDeployBuilder.Build(DeploymentContext context, CancellationToken token) in /tmp/KuduLite/Kudu.Core/Deployment/Generator/OneDeployBuilder.cs:line 113
   at Kudu.Core.Deployment.DeploymentManager.Build(ChangeSet changeSet, ITracer tracer, IDisposable deployStep, IRepository repository, DeploymentInfoBase deploymentInfo, DeploymentAnalytics deploymentAnalytics, Boolean fullBuildByDefault, CancellationToken cancellationToken) in /tmp/KuduLite/Kudu.Core/Deployment/DeploymentManager.cs:line 771
   at Kudu.Core.Deployment.DeploymentManager.Build(ChangeSet changeSet, ITracer tracer, IDisposable deployStep, IRepository repository, DeploymentInfoBase deploymentInfo, DeploymentAnalytics deploymentAnalytics, Boolean fullBuildByDefault, CancellationToken cancellationToken) in /tmp/KuduLite/Kudu.Core/Deployment/DeploymentManager.cs:line 840
   at Kudu.Core.Deployment.DeploymentManager.DeployAsync(IRepository repository, ChangeSet changeSet, String deployer, Boolean clean, DeploymentInfoBase deploymentInfo, Boolean needFileUpdate, Boolean fullBuildByDefault) in /tmp/KuduLite/Kudu.Core/Deployment/DeploymentManager.cs:line 266" /><!-- duration: 2ms -->
          <step title="Marking deployment as failed and cleaning up the temp deployment" date="2025-06-12T06:56:40.449" /><!-- duration: 2ms -->
        </step><!-- duration: 5331ms -->
      </step><!-- duration: 5342ms -->
      <step title="Error occurred" date="2025-06-12T06:56:40.557" type="error" text="Deployment failed" stackTrace="   at Kudu.Core.Deployment.DeploymentManager.DeployAsync(IRepository repository, ChangeSet changeSet, String deployer, Boolean clean, DeploymentInfoBase deploymentInfo, Boolean needFileUpdate, Boolean fullBuildByDefault) in /tmp/KuduLite/Kudu.Core/Deployment/DeploymentManager.cs:line 307
   at Kudu.Core.Deployment.FetchDeploymentManager.PerformDeployment(DeploymentInfoBase deploymentInfo, IDisposable tempDeployment, ChangeSet tempChangeSet, DeployStatusApiResult updateStatusObj) in /tmp/KuduLite/Kudu.Core/Deployment/FetchDeploymentManager.cs:line 230
   at Kudu.Core.Deployment.FetchDeploymentManager.&lt;&gt;c__DisplayClass17_0.&lt;&lt;FetchDeploy&gt;b__0&gt;d.MoveNext() in /tmp/KuduLite/Kudu.Core/Deployment/FetchDeploymentManager.cs:line 131
--- End of stack trace from previous location ---
   at Kudu.Core.Deployment.FetchDeploymentManager.FetchDeploy(DeploymentInfoBase deployInfo, Boolean asyncRequested, Uri requestUri, String targetBranch) in /tmp/KuduLite/Kudu.Core/Deployment/FetchDeploymentManager.cs:line 124
   at Kudu.Services.Deployment.PushDeploymentController.PushDeployAsync(ArtifactDeploymentInfo deploymentInfo, Boolean isAsync, HttpContext context, JObject requestJson) in /tmp/KuduLite/Kudu.Services/Deployment/PushDeploymentController.cs:line 791
   at Kudu.Services.Deployment.PushDeploymentController.OneDeploy(String type, Boolean async, String path, Nullable`1 restart, Nullable`1 clean, Boolean ignoreStack, Boolean trackDeploymentProgress, Boolean trackStatus, Boolean reset) in /tmp/KuduLite/Kudu.Services/Deployment/PushDeploymentController.cs:line 624
   at Microsoft.AspNetCore.Mvc.Infrastructure.ActionMethodExecutor.TaskOfIActionResultExecutor.Execute(IActionResultTypeMapper mapper, ObjectMethodExecutor executor, Object controller, Object[] arguments)
   at Microsoft.AspNetCore.Mvc.Infrastructure.ControllerActionInvoker.&lt;InvokeActionMethodAsync&gt;g__Awaited|12_0(ControllerActionInvoker invoker, ValueTask`1 actionResultValueTask)
   at Microsoft.AspNetCore.Mvc.Infrastructure.ControllerActionInvoker.&lt;InvokeNextActionFilterAsync&gt;g__Awaited|10_0(ControllerActionInvoker invoker, Task lastTask, State next, Scope scope, Object state, Boolean isCompleted)
   at Microsoft.AspNetCore.Mvc.Infrastructure.ControllerActionInvoker.Rethrow(ActionExecutedContextSealed context)
   at Microsoft.AspNetCore.Mvc.Infrastructure.ControllerActionInvoker.Next(State&amp; next, Scope&amp; scope, Object&amp; state, Boolean&amp; isCompleted)
   at Microsoft.AspNetCore.Mvc.Infrastructure.ControllerActionInvoker.&lt;InvokeInnerFilterAsync&gt;g__Awaited|13_0(ControllerActionInvoker invoker, Task lastTask, State next, Scope scope, Object state, Boolean isCompleted)
   at Microsoft.AspNetCore.Mvc.Infrastructure.ResourceInvoker.&lt;InvokeNextResourceFilter&gt;g__Awaited|25_0(ResourceInvoker invoker, Task lastTask, State next, Scope scope, Object state, Boolean isCompleted)
   at Microsoft.AspNetCore.Mvc.Infrastructure.ResourceInvoker.Rethrow(ResourceExecutedContextSealed context)
   at Microsoft.AspNetCore.Mvc.Infrastructure.ResourceInvoker.Next(State&amp; next, Scope&amp; scope, Object&amp; state, Boolean&amp; isCompleted)
   at Microsoft.AspNetCore.Mvc.Infrastructure.ResourceInvoker.&lt;InvokeFilterPipelineAsync&gt;g__Awaited|20_0(ResourceInvoker invoker, Task lastTask, State next, Scope scope, Object state, Boolean isCompleted)
   at Microsoft.AspNetCore.Mvc.Infrastructure.ResourceInvoker.&lt;InvokeAsync&gt;g__Awaited|17_0(ResourceInvoker invoker, Task task, IDisposable scope)
   at Microsoft.AspNetCore.Mvc.Infrastructure.ResourceInvoker.&lt;InvokeAsync&gt;g__Awaited|17_0(ResourceInvoker invoker, Task task, IDisposable scope)
   at Microsoft.AspNetCore.Builder.RouterMiddleware.Invoke(HttpContext httpContext)
   at Kudu.Services.Web.Tracing.TraceMiddleware.Invoke(HttpContext context) in /tmp/KuduLite/Kudu.Services.Web/Tracing/TraceMiddleware.cs:line 111" innerText="Invalid argument : &apos;/home/site/wwwroot/src\sqliteStore.js&apos;" innerStackTrace="   at Microsoft.Win32.SafeHandles.SafeFileHandle.Open(String , OpenFlags , Int32 )
   at Microsoft.Win32.SafeHandles.SafeFileHandle.Open(String , FileMode , FileAccess , FileShare , FileOptions , Int64 )
   at System.IO.File.OpenHandle(String , FileMode , FileAccess , FileShare , FileOptions , Int64 )
   at System.IO.FileSystem.CopyFile(String , String , Boolean )
   at System.IO.File.Copy(String , String , Boolean )
   at System.IO.Abstractions.FileWrapper.Copy(String sourceFileName, String destFileName, Boolean overwrite)
   at Kudu.Core.Infrastructure.FileSystemHelpers.CopyDirectoryRecursive(String sourceDirPath, String destinationDirPath, Boolean overwrite) in /tmp/KuduLite/Kudu.Core/Infrastructure/FileSystemHelpers.cs:line 239
   at Kudu.Core.Deployment.Generator.OneDeployBuilder.Build(DeploymentContext context, CancellationToken token) in /tmp/KuduLite/Kudu.Core/Deployment/Generator/OneDeployBuilder.cs:line 113
   at Kudu.Core.Deployment.DeploymentManager.Build(ChangeSet changeSet, ITracer tracer, IDisposable deployStep, IRepository repository, DeploymentInfoBase deploymentInfo, DeploymentAnalytics deploymentAnalytics, Boolean fullBuildByDefault, CancellationToken cancellationToken) in /tmp/KuduLite/Kudu.Core/Deployment/DeploymentManager.cs:line 771
   at Kudu.Core.Deployment.DeploymentManager.Build(ChangeSet changeSet, ITracer tracer, IDisposable deployStep, IRepository repository, DeploymentInfoBase deploymentInfo, DeploymentAnalytics deploymentAnalytics, Boolean fullBuildByDefault, CancellationToken cancellationToken) in /tmp/KuduLite/Kudu.Core/Deployment/DeploymentManager.cs:line 840
   at Kudu.Core.Deployment.DeploymentManager.DeployAsync(IRepository repository, ChangeSet changeSet, String deployer, Boolean clean, DeploymentInfoBase deploymentInfo, Boolean needFileUpdate, Boolean fullBuildByDefault) in /tmp/KuduLite/Kudu.Core/Deployment/DeploymentManager.cs:line 266" /><!-- duration: 4ms -->
      <step title="Incoming Request" date="2025-06-12T06:56:40.583" url="/Error?type=zip" method="POST" type="request" pid="820,1,30" Accept="*/*" Host="smart-notes-app-lamb2025.scm.azurewebsites.net" User-Agent="AZURECLI/2.73.0 (MSI)" Accept-Encoding="gzip, deflate" Authorization="Bas..." Cache-Control="no-cache" Content-Type="application/octet-stream" Cookie="ARRAffinity=3934d2ba198b190ab00a0d51692c574c482804c6d3bc24b2748af08de2f737a6; ARRAffinitySameSite=3934d2ba198b190ab00a0d51692c574c482804c6d3bc24b2748af08de2f737a6" Content-Length="26720" x-ms-client-request-id="5a2cdb1d-475a-11f0-9c0b-40ec99edfd09" x-ms-artifact-checksum="0a208aa7a9eb82f8fcaac504577cd640ad86990a32d8debccdbb89ae0ba8bdd9" X-ARR-LOG-ID="5a2cdb1d-475a-11f0-9c0b-40ec99edfd09" CLIENT-IP="107.214.32.197:49710" X-SITE-DEPLOYMENT-ID="smart-notes-app-lamb2025" WAS-DEFAULT-HOSTNAME="smart-notes-app-lamb2025.scm.azurewebsites.net" X-Forwarded-Proto="https" X-AppService-Proto="https" X-Forwarded-TlsVersion="1.3" X-WAWS-Unencoded-URL="/api/publish?type=zip" X-Client-IP="107.214.32.197" X-Client-Port="49710" >
        <step title="Outgoing response" date="2025-06-12T06:56:40.610" type="response" statusCode="400" statusText="BadRequest" /><!-- duration: 2ms -->
      </step><!-- duration: 33ms -->
