<step title="Incoming Request" date="2025-06-13T04:54:54.947" instance="9d9ad2" url="/api/zipdeploy?isAsync=true&amp;deployer=GITHUB_ZIP_DEPLOY&amp;message=%7B%22type%22%3A%22deployment%22%2C%22sha%22%3A%22b0b4b326a35371d3962a1e99a380d2bc0f67751b%22%2C%22repoName%22%3A%22musicFlow9999%2FSmart-Note-Taking-Web-App-Implementation-Guide%22%2C%22actor%22%3A%22musicFlow9999%22%2C%22slotName%22%3A%22production%22%2C%22commitMessage%22%3A%22Update%20documentation%3A%20Database%20schema%20issue%20resolved%2C%20all%20tests%20passing%22%7D" method="POST" type="request" pid="822,1,15" Host="smart-notes-app-lamb2025.scm.azurewebsites.net" User-Agent="GITHUBACTIONS_DeployWebAppToAzure_4b1350dac09f4ba07cd412317dc066e863694d1d4666228fc686295b9b609619" Authorization="Bea..." Content-Type="application/octet-stream" Cookie="ARRAffinity=9d9ad26f55314832f40453d107bc280606f9336225ee3827727ea25821b4efdd;Path=/;HttpOnly;Secure;Domain=smart-notes-app-lamb2025.scm.azurewebsites.net; ARRAffinitySameSite=9d9ad26f55314832f40453d107bc280606f9336225ee3827727ea25821b4efdd;Path=/;HttpOnly;SameSite=None;Secure;Domain=smart-notes-app-lamb2025.scm.azurewebsites.net" Transfer-Encoding="chunked" X-ARR-LOG-ID="f796bc33-4dd8-4779-be4b-4a4e3498e6c9" CLIENT-IP="20.172.29.45:65472" X-SITE-DEPLOYMENT-ID="smart-notes-app-lamb2025" WAS-DEFAULT-HOSTNAME="smart-notes-app-lamb2025.scm.azurewebsites.net" X-Forwarded-Proto="https" X-AppService-Proto="https" X-Forwarded-TlsVersion="1.3" X-WAWS-Unencoded-URL="/api/zipdeploy?isAsync=true&amp;deployer=GITHUB_ZIP_DEPLOY&amp;message=%7B%22type%22%3A%22deployment%22%2C%22sha%22%3A%22b0b4b326a35371d3962a1e99a380d2bc0f67751b%22%2C%22repoName%22%3A%22musicFlow9999%2FSmart-Note-Taking-Web-App-Implementation-Guide%22%2C%22actor%22%3A%22musicFlow9999%22%2C%22slotName%22%3A%22production%22%2C%22commitMessage%22%3A%22Update%20documentation%3A%20Database%20schema%20issue%20resolved%2C%20all%20tests%20passing%22%7D" X-Client-IP="20.172.29.45" X-Client-Port="65472" >
  <step title="ZipPushDeploy" date="2025-06-13T04:54:55.035" >
    <step title="ZipDeploy. Run from package." date="2025-06-13T04:54:55.066" /><!-- duration: 49ms -->
    <step title="Starting PushDeployAsync" date="2025-06-13T04:54:55.156" /><!-- duration: 40ms -->
    <step title="WEBSITE_RUN_FROM_PACKAGE is set to 1. Writing zip to SitePackagesPath" date="2025-06-13T04:54:55.228" /><!-- duration: 9ms -->
    <step title="Copying zip to SitePackages /home/data/SitePackages/20250613045455.zip from request body" date="2025-06-13T04:54:55.249" /><!-- duration: 28ms -->
    <step title="Writing multipart request body to /home/data/SitePackages/20250613045455.zip" date="2025-06-13T04:54:55.299" /><!-- duration: 9ms -->
    <step title="Deleting outdated zip file /home/data/SitePackages/20250613042102.zip" date="2025-06-13T04:54:56.936" /><!-- duration: 19ms -->
    <step title="Start deployment in the background" date="2025-06-13T04:54:56.995" >
      <step title="Acquiring Deployment Lock" date="2025-06-13T04:54:57.248" /><!-- duration: 10ms -->
      <step title="Acquired Deployment Lock" date="2025-06-13T04:54:57.329" /><!-- duration: 29ms -->
    </step><!-- duration: 696ms -->
  </step><!-- duration: 2665ms -->
  <step title="Outgoing response" date="2025-06-13T04:54:57.710" type="response" statusCode="202" statusText="Accepted" /><!-- duration: 9ms -->
</step><!-- duration: 2774ms -->
