<step title="Incoming Request" date="2025-06-10T04:06:00.025" instance="3934d2" url="/api/zipdeploy?isAsync=true" method="POST" type="request" pid="821,1,17" Accept="*/*" Host="smart-notes-app-lamb2025.scm.azurewebsites.net" User-Agent="AZURECLI/2.73.0 (MSI)" Accept-Encoding="gzip, deflate" Authorization="Bas..." Cache-Control="no-cache" Content-Type="application/octet-stream" Cookie="ARRAffinity=3934d2ba198b190ab00a0d51692c574c482804c6d3bc24b2748af08de2f737a6; ARRAffinitySameSite=3934d2ba198b190ab00a0d51692c574c482804c6d3bc24b2748af08de2f737a6" Content-Length="2388" x-ms-client-request-id="30452899-45b0-11f0-81d4-40ec99edfd09" x-ms-artifact-checksum="b102b83a2ba9cbde66d312912d11050e889f82730aaaec586e6ed858825571d0" X-ARR-LOG-ID="30452899-45b0-11f0-81d4-40ec99edfd09" CLIENT-IP="107.214.32.197:55108" X-SITE-DEPLOYMENT-ID="smart-notes-app-lamb2025" WAS-DEFAULT-HOSTNAME="smart-notes-app-lamb2025.scm.azurewebsites.net" X-Forwarded-Proto="https" X-AppService-Proto="https" X-Forwarded-TlsVersion="1.3" X-WAWS-Unencoded-URL="/api/zipdeploy?isAsync=true" X-Client-IP="107.214.32.197" X-Client-Port="55108" >
  <step title="ZipPushDeploy" date="2025-06-10T04:06:00.037" >
    <step title="ZipDeploy. Extract zip." date="2025-06-10T04:06:00.059" /><!-- duration: 5ms -->
    <step title="Starting PushDeployAsync" date="2025-06-10T04:06:00.075" /><!-- duration: 75ms -->
    <step title="Writing artifact to /tmp/zipdeploy/c5a4ae72-0a25-4040-9843-8a01fa1aabe5.zip" date="2025-06-10T04:06:00.170" >
      <step title="Writing multipart request body to /tmp/zipdeploy/c5a4ae72-0a25-4040-9843-8a01fa1aabe5.zip" date="2025-06-10T04:06:00.175" /><!-- duration: 2ms -->
    </step><!-- duration: 23ms -->
    <step title="Start deployment in the background" date="2025-06-10T04:06:00.210" >
      <step title="Acquiring Deployment Lock" date="2025-06-10T04:06:00.249" /><!-- duration: 4ms -->
      <step title="Acquired Deployment Lock" date="2025-06-10T04:06:00.280" /><!-- duration: 2ms -->
    </step><!-- duration: 187ms -->
  </step><!-- duration: 373ms -->
  <step title="Outgoing response" date="2025-06-10T04:06:00.416" type="response" statusCode="202" statusText="Accepted" /><!-- duration: 4ms -->
</step><!-- duration: 398ms -->
