<step title="Incoming Request" date="2025-06-12T06:54:29.101" instance="3934d2" url="/api/zipdeploy?isAsync=true" method="POST" type="request" pid="820,1,27" Accept="*/*" Host="smart-notes-app-lamb2025.scm.azurewebsites.net" User-Agent="AZURECLI/2.73.0 (MSI)" Accept-Encoding="gzip, deflate" Authorization="Bas..." Cache-Control="no-cache" Content-Type="application/octet-stream" Cookie="ARRAffinity=3934d2ba198b190ab00a0d51692c574c482804c6d3bc24b2748af08de2f737a6; ARRAffinitySameSite=3934d2ba198b190ab00a0d51692c574c482804c6d3bc24b2748af08de2f737a6" Content-Length="13670450" x-ms-client-request-id="114c52d8-475a-11f0-99b3-40ec99edfd09" x-ms-artifact-checksum="fdd3222222cef603990742dd5d28d8d346422983ecdd9ccb8984a7e3597cca9a" X-ARR-LOG-ID="114c52d8-475a-11f0-99b3-40ec99edfd09" CLIENT-IP="107.214.32.197:56699" X-SITE-DEPLOYMENT-ID="smart-notes-app-lamb2025" WAS-DEFAULT-HOSTNAME="smart-notes-app-lamb2025.scm.azurewebsites.net" X-Forwarded-Proto="https" X-AppService-Proto="https" X-Forwarded-TlsVersion="1.3" X-WAWS-Unencoded-URL="/api/zipdeploy?isAsync=true" X-Client-IP="107.214.32.197" X-Client-Port="56699" >
  <step title="ZipPushDeploy" date="2025-06-12T06:54:29.118" >
    <step title="ZipDeploy. Extract zip." date="2025-06-12T06:54:29.132" /><!-- duration: 2ms -->
    <step title="None repository commit" date="2025-06-12T06:54:29.139" >
      <step title="Commit id: 9b401be8-3926-448b-87a4-07058acc4fc3" date="2025-06-12T06:54:29.141" Message="N/A" AuthorName="N/A" AuthorEmail="N/A" /><!-- duration: 3ms -->
    </step><!-- duration: 7ms -->
    <step title="Starting PushDeployAsync" date="2025-06-12T06:54:29.149" /><!-- duration: 2ms -->
    <step title="Writing artifact to /tmp/zipdeploy/9c2c584c-026d-47ba-9f95-bac90dc65227.zip" date="2025-06-12T06:54:29.159" >
      <step title="Writing multipart request body to /tmp/zipdeploy/9c2c584c-026d-47ba-9f95-bac90dc65227.zip" date="2025-06-12T06:54:29.162" /><!-- duration: 2ms -->
    </step><!-- duration: 7072ms -->
    <step title="Start deployment in the background" date="2025-06-12T06:54:36.244" >
      <step title="Acquiring Deployment Lock" date="2025-06-12T06:54:36.261" /><!-- duration: 2ms -->
      <step title="Acquired Deployment Lock" date="2025-06-12T06:54:36.310" /><!-- duration: 2ms -->
    </step><!-- duration: 114ms -->
  </step><!-- duration: 7244ms -->
  <step title="Outgoing response" date="2025-06-12T06:54:36.366" type="response" statusCode="202" statusText="Accepted" /><!-- duration: 3ms -->
</step><!-- duration: 7271ms -->
