<step title="Incoming Request" date="2025-06-13T04:03:57.846" instance="9d9ad2" url="/api/zipdeploy?isAsync=true&amp;deployer=GITHUB_ZIP_DEPLOY&amp;message=%7B%22type%22%3A%22deployment%22%2C%22sha%22%3A%22d4a88d134409de4dd1ea4e6fb61f2f219e9c9608%22%2C%22repoName%22%3A%22musicFlow9999%2FSmart-Note-Taking-Web-App-Implementation-Guide%22%2C%22actor%22%3A%22musicFlow9999%22%2C%22slotName%22%3A%22production%22%2C%22commitMessage%22%3A%22Update%20gitignore%20to%20exclude%20new%20log%20files%20and%20archives%22%7D" method="POST" type="request" pid="820,1,29" Host="smart-notes-app-lamb2025.scm.azurewebsites.net" User-Agent="GITHUBACTIONS_DeployWebAppToAzure_4b1350dac09f4ba07cd412317dc066e863694d1d4666228fc686295b9b609619" Authorization="Bea..." Content-Type="application/octet-stream" Cookie="ARRAffinity=9d9ad26f55314832f40453d107bc280606f9336225ee3827727ea25821b4efdd;Path=/;HttpOnly;Secure;Domain=smart-notes-app-lamb2025.scm.azurewebsites.net; ARRAffinitySameSite=9d9ad26f55314832f40453d107bc280606f9336225ee3827727ea25821b4efdd;Path=/;HttpOnly;SameSite=None;Secure;Domain=smart-notes-app-lamb2025.scm.azurewebsites.net" Transfer-Encoding="chunked" X-ARR-LOG-ID="9357f032-3e72-4777-bd52-8ea19e5a4299" CLIENT-IP="20.25.192.74:44112" X-SITE-DEPLOYMENT-ID="smart-notes-app-lamb2025" WAS-DEFAULT-HOSTNAME="smart-notes-app-lamb2025.scm.azurewebsites.net" X-Forwarded-Proto="https" X-AppService-Proto="https" X-Forwarded-TlsVersion="1.3" X-WAWS-Unencoded-URL="/api/zipdeploy?isAsync=true&amp;deployer=GITHUB_ZIP_DEPLOY&amp;message=%7B%22type%22%3A%22deployment%22%2C%22sha%22%3A%22d4a88d134409de4dd1ea4e6fb61f2f219e9c9608%22%2C%22repoName%22%3A%22musicFlow9999%2FSmart-Note-Taking-Web-App-Implementation-Guide%22%2C%22actor%22%3A%22musicFlow9999%22%2C%22slotName%22%3A%22production%22%2C%22commitMessage%22%3A%22Update%20gitignore%20to%20exclude%20new%20log%20files%20and%20archives%22%7D" X-Client-IP="20.25.192.74" X-Client-Port="44112" >
  <step title="ZipPushDeploy" date="2025-06-13T04:03:57.925" >
    <step title="ZipDeploy. Run from package." date="2025-06-13T04:03:57.944" /><!-- duration: 2ms -->
    <step title="Starting PushDeployAsync" date="2025-06-13T04:03:57.954" /><!-- duration: 2ms -->
    <step title="WEBSITE_RUN_FROM_PACKAGE is set to 1. Writing zip to SitePackagesPath" date="2025-06-13T04:03:57.985" /><!-- duration: 2ms -->
    <step title="Copying zip to SitePackages /home/data/SitePackages/20250613040357.zip from request body" date="2025-06-13T04:03:58.005" /><!-- duration: 40ms -->
    <step title="Writing multipart request body to /home/data/SitePackages/20250613040357.zip" date="2025-06-13T04:03:58.064" /><!-- duration: 2ms -->
    <step title="Start deployment in the background" date="2025-06-13T04:03:59.050" >
      <step title="Acquiring Deployment Lock" date="2025-06-13T04:03:59.086" /><!-- duration: 2ms -->
      <step title="Acquired Deployment Lock" date="2025-06-13T04:03:59.125" /><!-- duration: 9ms -->
    </step><!-- duration: 170ms -->
  </step><!-- duration: 1302ms -->
  <step title="Outgoing response" date="2025-06-13T04:03:59.230" type="response" statusCode="202" statusText="Accepted" /><!-- duration: 2ms -->
</step><!-- duration: 1391ms -->
