<step title="BackgroundTrace" date="2025-06-13T04:28:55.341" instance="9d9ad2" url="/api/zipdeploy" method="POST" >
  <step title="Creating temporary deployment - FetchDeploymentManager" date="2025-06-13T04:28:55.406" /><!-- duration: 2ms -->
  <step title="Creating temporary deployment" date="2025-06-13T04:28:55.410" /><!-- duration: 68ms -->
  <step title="Performing fetch based deployment" date="2025-06-13T04:28:55.497" >
    <step title="Deployment timer started" date="2025-06-13T04:28:59.702" >
      <step title="DeploymentManager.Deploy(id:24389845-c471-44b9-a3bb-7bbc499c5473)" date="2025-06-13T04:28:59.722" >
        <step title="Collecting changeset information" date="2025-06-13T04:28:59.814" /><!-- duration: 733ms -->
        <step title="Updating submodules" date="2025-06-13T04:29:00.907" /><!-- duration: 1723ms -->
        <step title="Determining deployment builder" date="2025-06-13T04:29:02.818" >
          <step title="Builder is RunFromZipSiteBuilder" date="2025-06-13T04:29:02.844" /><!-- duration: 1ms -->
        </step><!-- duration: 29ms -->
        <step title="PreDeployment: context.CleanOutputPath False" date="2025-06-13T04:29:02.933" >
          <step title="PreDeployment: context.OutputPath /home/site/wwwroot" date="2025-06-13T04:29:03.045" >
            <step title="Building" date="2025-06-13T04:29:03.357" >
              <step title="Triggering recycle (preview mode disabled)." date="2025-06-13T04:29:04.464" /><!-- duration: 41ms -->
              <step title="Modified file to trigger a restart of the app container." date="2025-06-13T04:29:04.804" /><!-- duration: 28ms -->
              <step title="Skip function trigger and logicapp sync because function is not enabled." date="2025-06-13T04:29:04.886" /><!-- duration: 49ms -->
            </step><!-- duration: 3712ms -->
          </step><!-- duration: 4103ms -->
          <step title="Cleaning up temp files" date="2025-06-13T04:29:07.190" /><!-- duration: 76ms -->
          <step title="Cleaning up temp files" date="2025-06-13T04:29:07.313" /><!-- duration: 585ms -->
          <step title="Reloading status file with latest updates" date="2025-06-13T04:29:08.622" >
            <step title="WebHooksManager.PublishEventAsync: PostDeployment" date="2025-06-13T04:29:08.643" /><!-- duration: 188ms -->
          </step><!-- duration: 211ms -->
          <step title="Cleaning up temporary deployment - fetch deployment was successful" date="2025-06-13T04:29:08.953" /><!-- duration: 19ms -->
        </step><!-- duration: 6222ms -->
      </step><!-- duration: 9571ms -->
