<step title="Incoming Request" date="2025-06-13T04:28:53.926" instance="9d9ad2" url="/api/zipdeploy?isAsync=true&amp;deployer=GITHUB_ZIP_DEPLOY&amp;message=%7B%22type%22%3A%22deployment%22%2C%22sha%22%3A%226ec653af2d50cc8b7fb7091912bd939c0ed78f45%22%2C%22repoName%22%3A%22musicFlow9999%2FSmart-Note-Taking-Web-App-Implementation-Guide%22%2C%22actor%22%3A%22musicFlow9999%22%2C%22slotName%22%3A%22production%22%2C%22commitMessage%22%3A%22Update%20documentation%3A%20Security%20fix%20completed%2C%20all%20endpoints%20verified%22%7D" method="POST" type="request" pid="820,1,7" Host="smart-notes-app-lamb2025.scm.azurewebsites.net" User-Agent="GITHUBACTIONS_DeployWebAppToAzure_4b1350dac09f4ba07cd412317dc066e863694d1d4666228fc686295b9b609619" Authorization="Bea..." Content-Type="application/octet-stream" Cookie="ARRAffinity=9d9ad26f55314832f40453d107bc280606f9336225ee3827727ea25821b4efdd;Path=/;HttpOnly;Secure;Domain=smart-notes-app-lamb2025.scm.azurewebsites.net; ARRAffinitySameSite=9d9ad26f55314832f40453d107bc280606f9336225ee3827727ea25821b4efdd;Path=/;HttpOnly;SameSite=None;Secure;Domain=smart-notes-app-lamb2025.scm.azurewebsites.net" Transfer-Encoding="chunked" X-ARR-LOG-ID="3f99d8f5-54c6-42db-9f93-32331ea426c3" CLIENT-IP="172.200.181.116:31424" X-SITE-DEPLOYMENT-ID="smart-notes-app-lamb2025" WAS-DEFAULT-HOSTNAME="smart-notes-app-lamb2025.scm.azurewebsites.net" X-Forwarded-Proto="https" X-AppService-Proto="https" X-Forwarded-TlsVersion="1.3" X-WAWS-Unencoded-URL="/api/zipdeploy?isAsync=true&amp;deployer=GITHUB_ZIP_DEPLOY&amp;message=%7B%22type%22%3A%22deployment%22%2C%22sha%22%3A%226ec653af2d50cc8b7fb7091912bd939c0ed78f45%22%2C%22repoName%22%3A%22musicFlow9999%2FSmart-Note-Taking-Web-App-Implementation-Guide%22%2C%22actor%22%3A%22musicFlow9999%22%2C%22slotName%22%3A%22production%22%2C%22commitMessage%22%3A%22Update%20documentation%3A%20Security%20fix%20completed%2C%20all%20endpoints%20verified%22%7D" X-Client-IP="172.200.181.116" X-Client-Port="31424" >
  <step title="Cleanup Xml Logs" date="2025-06-13T04:28:53.928" /><!-- duration: 18ms -->
  <step title="ZipPushDeploy" date="2025-06-13T04:28:53.996" >
    <step title="ZipDeploy. Run from package." date="2025-06-13T04:28:54.028" /><!-- duration: 8ms -->
    <step title="Starting PushDeployAsync" date="2025-06-13T04:28:54.039" /><!-- duration: 9ms -->
    <step title="WEBSITE_RUN_FROM_PACKAGE is set to 1. Writing zip to SitePackagesPath" date="2025-06-13T04:28:54.057" /><!-- duration: 41ms -->
    <step title="Copying zip to SitePackages /home/data/SitePackages/20250613042853.zip from request body" date="2025-06-13T04:28:54.120" /><!-- duration: 29ms -->
    <step title="Writing multipart request body to /home/data/SitePackages/20250613042853.zip" date="2025-06-13T04:28:54.168" /><!-- duration: 22ms -->
    <step title="Deleting outdated zip file /home/data/SitePackages/20250613040357.zip" date="2025-06-13T04:28:55.264" /><!-- duration: 19ms -->
    <step title="Start deployment in the background" date="2025-06-13T04:28:55.313" >
      <step title="Acquiring Deployment Lock" date="2025-06-13T04:28:55.363" /><!-- duration: 2ms -->
      <step title="Acquired Deployment Lock" date="2025-06-13T04:28:55.403" /><!-- duration: 2ms -->
    </step><!-- duration: 166ms -->
  </step><!-- duration: 1485ms -->
  <step title="Outgoing response" date="2025-06-13T04:28:55.483" type="response" statusCode="202" statusText="Accepted" /><!-- duration: 1ms -->
</step><!-- duration: 1560ms -->
