<step title="Incoming Request" date="2025-06-13T04:54:26.028" instance="9d9ad2" url="/api/zipdeploy?isAsync=true&amp;deployer=GITHUB_ZIP_DEPLOY&amp;message=%7B%22type%22%3A%22deployment%22%2C%22sha%22%3A%22915a7fc9ad64135d85755bf9bf3c426f26135559%22%2C%22repoName%22%3A%22musicFlow9999%2FSmart-Note-Taking-Web-App-Implementation-Guide%22%2C%22actor%22%3A%22musicFlow9999%22%2C%22slotName%22%3A%22production%22%2C%22commitMessage%22%3A%22Fix%3A%20Add%20default%20userId%20to%20document%20creation%20endpoint%20to%20resolve%20NOT%20NULL%20constraint%5Cn%5Cn-%20Add%20default-user-id%20to%20POST%20%2Fapi%2Fdocuments%20endpoint%5Cn-%20Resolves%20test%20failures%20due%20to%20user_id%20NOT%20NULL%20constraint%5Cn-%20All%20tests%20now%20passing%3A%20basic%2C%20enhanced%2C%20and%20auth%20tests%5Cn-%20TODO%3A%20Implement%20proper%20JWT%20authentication%20for%20user_id%20extraction%22%7D" method="POST" type="request" pid="822,1,15" Host="smart-notes-app-lamb2025.scm.azurewebsites.net" User-Agent="GITHUBACTIONS_DeployWebAppToAzure_4b1350dac09f4ba07cd412317dc066e863694d1d4666228fc686295b9b609619" Authorization="Bea..." Content-Type="application/octet-stream" Cookie="ARRAffinity=9d9ad26f55314832f40453d107bc280606f9336225ee3827727ea25821b4efdd;Path=/;HttpOnly;Secure;Domain=smart-notes-app-lamb2025.scm.azurewebsites.net; ARRAffinitySameSite=9d9ad26f55314832f40453d107bc280606f9336225ee3827727ea25821b4efdd;Path=/;HttpOnly;SameSite=None;Secure;Domain=smart-notes-app-lamb2025.scm.azurewebsites.net" Transfer-Encoding="chunked" X-ARR-LOG-ID="c3de2578-ad14-487b-98a8-a05220ff45ea" CLIENT-IP="20.57.46.9:10312" X-SITE-DEPLOYMENT-ID="smart-notes-app-lamb2025" WAS-DEFAULT-HOSTNAME="smart-notes-app-lamb2025.scm.azurewebsites.net" X-Forwarded-Proto="https" X-AppService-Proto="https" X-Forwarded-TlsVersion="1.3" X-WAWS-Unencoded-URL="/api/zipdeploy?isAsync=true&amp;deployer=GITHUB_ZIP_DEPLOY&amp;message=%7B%22type%22%3A%22deployment%22%2C%22sha%22%3A%22915a7fc9ad64135d85755bf9bf3c426f26135559%22%2C%22repoName%22%3A%22musicFlow9999%2FSmart-Note-Taking-Web-App-Implementation-Guide%22%2C%22actor%22%3A%22musicFlow9999%22%2C%22slotName%22%3A%22production%22%2C%22commitMessage%22%3A%22Fix%3A%20Add%20default%20userId%20to%20document%20creation%20endpoint%20to%20resolve%20NOT%20NULL%20constraint%5Cn%5Cn-%20Add%20default-user-id%20to%20POST%20%2Fapi%2Fdocuments%20endpoint%5Cn-%20Resolves%20test%20failures%20due%20to%20user_id%20NOT%20NULL%20constraint%5Cn-%20All%20tests%20now%20passing%3A%20basic%2C%20enhanced%2C%20and%20auth%20tests%5Cn-%20TODO%3A%20Implement%20proper%20JWT%20authentication%20for%20user_id%20extraction%22%7D" X-Client-IP="20.57.46.9" X-Client-Port="10312" >
  <step title="Cleanup Xml Logs" date="2025-06-13T04:54:26.030" /><!-- duration: 7ms -->
  <step title="ZipPushDeploy" date="2025-06-13T04:54:26.147" >
    <step title="ZipDeploy. Run from package." date="2025-06-13T04:54:26.158" /><!-- duration: 2ms -->
    <step title="None repository commit" date="2025-06-13T04:54:26.167" >
      <step title="Commit id: 4cb07c9d-0725-419f-99d1-d721018277f8" date="2025-06-13T04:54:26.169" Message="N/A" AuthorName="N/A" AuthorEmail="N/A" /><!-- duration: 2ms -->
    </step><!-- duration: 27ms -->
    <step title="Starting PushDeployAsync" date="2025-06-13T04:54:26.202" /><!-- duration: 2ms -->
    <step title="WEBSITE_RUN_FROM_PACKAGE is set to 1. Writing zip to SitePackagesPath" date="2025-06-13T04:54:26.215" /><!-- duration: 2ms -->
    <step title="Copying zip to SitePackages /home/data/SitePackages/20250613045426.zip from request body" date="2025-06-13T04:54:26.227" /><!-- duration: 9ms -->
    <step title="Writing multipart request body to /home/data/SitePackages/20250613045426.zip" date="2025-06-13T04:54:26.255" /><!-- duration: 21ms -->
    <step title="Deleting outdated zip file /home/data/SitePackages/20250613040947.zip" date="2025-06-13T04:54:27.114" /><!-- duration: 21ms -->
    <step title="Start deployment in the background" date="2025-06-13T04:54:27.147" >
      <step title="Acquiring Deployment Lock" date="2025-06-13T04:54:27.183" /><!-- duration: 2ms -->
      <step title="Acquired Deployment Lock" date="2025-06-13T04:54:27.229" /><!-- duration: 2ms -->
    </step><!-- duration: 190ms -->
  </step><!-- duration: 1201ms -->
  <step title="Outgoing response" date="2025-06-13T04:54:27.379" type="response" statusCode="202" statusText="Accepted" /><!-- duration: 9ms -->
</step><!-- duration: 1361ms -->
