<step title="Incoming Request" date="2025-06-10T04:05:05.443" instance="3934d2" url="/api/publish?type=zip" method="POST" type="request" pid="821,1,5" Accept="*/*" Host="smart-notes-app-lamb2025.scm.azurewebsites.net" User-Agent="AZURECLI/2.73.0 (MSI)" Accept-Encoding="gzip, deflate" Authorization="Bas..." Cache-Control="no-cache" Content-Type="application/octet-stream" Content-Length="2388" x-ms-client-request-id="f7214131-45af-11f0-99c6-40ec99edfd09" x-ms-artifact-checksum="ad54d284c37522928b4a4bf91d23e14958b27bfb995373cce157a123defeac6d" X-ARR-LOG-ID="f7214131-45af-11f0-99c6-40ec99edfd09" CLIENT-IP="107.214.32.197:63408" X-SITE-DEPLOYMENT-ID="smart-notes-app-lamb2025" WAS-DEFAULT-HOSTNAME="smart-notes-app-lamb2025.scm.azurewebsites.net" X-Forwarded-Proto="https" X-AppService-Proto="https" X-Forwarded-TlsVersion="1.3" X-WAWS-Unencoded-URL="/api/publish?type=zip" X-Client-IP="107.214.32.197" X-Client-Port="63408" >
  <step title="OneDeploy" date="2025-06-10T04:05:05.713" >
    <step title="None repository commit" date="2025-06-10T04:05:05.723" >
      <step title="Commit id: 9935c3ee-a96a-4800-a138-92ebd4ee395c" date="2025-06-10T04:05:05.726" Message="N/A" AuthorName="N/A" AuthorEmail="N/A" /><!-- duration: 12ms -->
    </step><!-- duration: 16ms -->
    <step title="Starting PushDeployAsync" date="2025-06-10T04:05:05.742" /><!-- duration: 2ms -->
    <step title="Writing artifact to /tmp/zipdeploy/9d84e796-f5fb-4112-b562-cb4895c2dee2.zip" date="2025-06-10T04:05:05.749" >
      <step title="Writing multipart request body to /tmp/zipdeploy/9d84e796-f5fb-4112-b562-cb4895c2dee2.zip" date="2025-06-10T04:05:05.751" /><!-- duration: 2ms -->
    </step><!-- duration: 12ms -->
    <step title="Attempting to fetch target branch HEAD" date="2025-06-10T04:05:05.767" /><!-- duration: 2ms -->
    <step title="Acquiring Deployment Lock" date="2025-06-10T04:05:05.771" /><!-- duration: 2ms -->
    <step title="Acquired Deployment Lock" date="2025-06-10T04:05:05.800" /><!-- duration: 2ms -->
    <step title="Performing fetch based deployment" date="2025-06-10T04:05:05.808" >
      <step title="Creating temporary deployment" date="2025-06-10T04:05:05.811" /><!-- duration: 46ms -->
      <step title="Releasing Deployment Lock" date="2025-06-10T04:05:06.958" /><!-- duration: 4ms -->
      <step title="Cleaning up temp folders from previous zip deployments and extracting pushed zip file /tmp/zipdeploy/9d84e796-f5fb-4112-b562-cb4895c2dee2.zip (0.00 MB) to /tmp/zipdeploy/extracted" date="2025-06-10T04:05:06.990" >
        <step title="ChmodRecursive Process exited with total time taken in ms: 15" date="2025-06-10T04:05:07.017" /><!-- duration: 2ms -->
      </step><!-- duration: 31ms -->
      <step title="None repository commit" date="2025-06-10T04:05:07.023" >
        <step title="Commit id: 9935c3ee-a96a-4800-a138-92ebd4ee395c" date="2025-06-10T04:05:07.025" Message="OneDeploy" AuthorName="N/A" AuthorEmail="N/A" /><!-- duration: 2ms -->
      </step><!-- duration: 5ms -->
      <step title="Deployment timer started" date="2025-06-10T04:05:09.033" >
        <step title="DeploymentManager.Deploy(id:9935c3ee-a96a-4800-a138-92ebd4ee395c)" date="2025-06-10T04:05:09.043" >
          <step title="Collecting changeset information" date="2025-06-10T04:05:09.053" /><!-- duration: 65ms -->
          <step title="Updating submodules" date="2025-06-10T04:05:09.123" /><!-- duration: 1075ms -->
          <step title="Determining deployment builder" date="2025-06-10T04:05:10.316" >
            <step title="Builder is OneDeployBuilder" date="2025-06-10T04:05:10.323" /><!-- duration: 2ms -->
          </step><!-- duration: 11ms -->
          <step title="PreDeployment: context.CleanOutputPath False" date="2025-06-10T04:05:10.349" >
            <step title="PreDeployment: context.OutputPath /home/site/wwwroot" date="2025-06-10T04:05:10.422" >
              <step title="Building" date="2025-06-10T04:05:10.517" >
                <step title="Executing external process" date="2025-06-10T04:05:10.792" type="process" path="starter.sh" arguments="/opt/Kudu/Scripts/parallel_rsync.sh /tmp/zipdeploy/extracted /home/site/wwwroot 8 /tmp/ False False  " >
                  <step title="Process dump" date="2025-06-10T04:05:12.247" exitCode="123" type="processOutput" /><!-- duration: 3ms -->
                </step><!-- duration: 1460ms -->
                <step title="Error occurred" date="2025-06-10T04:05:12.273" type="error" text="rsync: [generator] recv_generator: failed to stat &quot;/home/site/wwwroot/src\server.js&quot;: Invalid argument (22)
rsync: [generator] recv_generator: failed to stat &quot;/home/site/wwwroot/src\data.js&quot;: Invalid argument (22)
rsync: [generator] recv_generator: failed to stat &quot;/home/site/wwwroot/test\server.test.js&quot;: Invalid argument (22)
rsync error: some files/attrs were not transferred (see previous errors) (code 23) at main.c(1338) [sender=3.2.7]
rsync error: some files/attrs were not transferred (see previous errors) (code 23) at main.c(1338) [sender=3.2.7]
rsync: [generator] recv_generator: failed to stat &quot;/home/site/wwwroot/src\data.js&quot;: Invalid argument (22)
rsync: [generator] recv_generator: failed to stat &quot;/home/site/wwwroot/test\server.test.js&quot;: Invalid argument (22)
rsync error: some files/attrs were not transferred (see previous errors) (code 23) at main.c(1338) [sender=3.2.7]
rsync: [generator] recv_generator: failed to stat &quot;/home/site/wwwroot/src\server.js&quot;: Invalid argument (22)
rsync error: some files/attrs were not transferred (see previous errors) (code 23) at main.c(1338) [sender=3.2.7]
rsync error: some files/attrs were not transferred (see previous errors) (code 23) at main.c(1338) [sender=3.2.7]
rsync error: some files/attrs were not transferred (see previous errors) (code 23) at main.c(1338) [sender=3.2.7]
/opt/Kudu/Scripts/starter.sh /opt/Kudu/Scripts/parallel_rsync.sh /tmp/zipdeploy/extracted /home/site/wwwroot 8 /tmp/ False False  " stackTrace="   at Kudu.Core.Infrastructure.Executable.ExecuteInternal(ITracer tracer, Func`2 onWriteOutput, Func`2 onWriteError, CancellationToken token, Encoding encoding, String arguments, Object[] args) in /tmp/KuduLite/Kudu.Core/Infrastructure/Executable.cs:line 239
   at Kudu.Core.Infrastructure.Executable.ExecuteWithProgressWriter(ILogger logger, ITracer tracer, CancellationToken token, String arguments, Object[] args) in /tmp/KuduLite/Kudu.Core/Infrastructure/Executable.cs:line 118
   at Kudu.Core.Deployment.Generator.ExternalCommandBuilder.RunCommand(DeploymentContext context, String command, Boolean ignoreManifest, CancellationToken token, String message) in /tmp/KuduLite/Kudu.Core/Deployment/Generator/ExternalCommandBuilder.cs:line 115" /><!-- duration: 2ms -->
                <step title="Error occurred" date="2025-06-10T04:05:12.461" type="error" text="Invalid argument : &apos;/home/site/wwwroot/test\server.test.js&apos;" stackTrace="   at Microsoft.Win32.SafeHandles.SafeFileHandle.Open(String , OpenFlags , Int32 )
   at Microsoft.Win32.SafeHandles.SafeFileHandle.Open(String , FileMode , FileAccess , FileShare , FileOptions , Int64 )
   at System.IO.File.OpenHandle(String , FileMode , FileAccess , FileShare , FileOptions , Int64 )
   at System.IO.FileSystem.CopyFile(String , String , Boolean )
   at System.IO.File.Copy(String , String , Boolean )
   at System.IO.Abstractions.FileWrapper.Copy(String sourceFileName, String destFileName, Boolean overwrite)
   at Kudu.Core.Infrastructure.FileSystemHelpers.CopyDirectoryRecursive(String sourceDirPath, String destinationDirPath, Boolean overwrite) in /tmp/KuduLite/Kudu.Core/Infrastructure/FileSystemHelpers.cs:line 239
   at Kudu.Core.Deployment.Generator.OneDeployBuilder.Build(DeploymentContext context, CancellationToken token) in /tmp/KuduLite/Kudu.Core/Deployment/Generator/OneDeployBuilder.cs:line 113
   at Kudu.Core.Deployment.DeploymentManager.Build(ChangeSet changeSet, ITracer tracer, IDisposable deployStep, IRepository repository, DeploymentInfoBase deploymentInfo, DeploymentAnalytics deploymentAnalytics, Boolean fullBuildByDefault, CancellationToken cancellationToken) in /tmp/KuduLite/Kudu.Core/Deployment/DeploymentManager.cs:line 771" /><!-- duration: 2ms -->
              </step><!-- duration: 2064ms -->
            </step><!-- duration: 2161ms -->
            <step title="Error occurred" date="2025-06-10T04:05:12.586" type="error" text="Invalid argument : &apos;/home/site/wwwroot/test\server.test.js&apos;" stackTrace="   at Microsoft.Win32.SafeHandles.SafeFileHandle.Open(String , OpenFlags , Int32 )
   at Microsoft.Win32.SafeHandles.SafeFileHandle.Open(String , FileMode , FileAccess , FileShare , FileOptions , Int64 )
   at System.IO.File.OpenHandle(String , FileMode , FileAccess , FileShare , FileOptions , Int64 )
   at System.IO.FileSystem.CopyFile(String , String , Boolean )
   at System.IO.File.Copy(String , String , Boolean )
   at System.IO.Abstractions.FileWrapper.Copy(String sourceFileName, String destFileName, Boolean overwrite)
   at Kudu.Core.Infrastructure.FileSystemHelpers.CopyDirectoryRecursive(String sourceDirPath, String destinationDirPath, Boolean overwrite) in /tmp/KuduLite/Kudu.Core/Infrastructure/FileSystemHelpers.cs:line 239
   at Kudu.Core.Deployment.Generator.OneDeployBuilder.Build(DeploymentContext context, CancellationToken token) in /tmp/KuduLite/Kudu.Core/Deployment/Generator/OneDeployBuilder.cs:line 113
   at Kudu.Core.Deployment.DeploymentManager.Build(ChangeSet changeSet, ITracer tracer, IDisposable deployStep, IRepository repository, DeploymentInfoBase deploymentInfo, DeploymentAnalytics deploymentAnalytics, Boolean fullBuildByDefault, CancellationToken cancellationToken) in /tmp/KuduLite/Kudu.Core/Deployment/DeploymentManager.cs:line 771
   at Kudu.Core.Deployment.DeploymentManager.Build(ChangeSet changeSet, ITracer tracer, IDisposable deployStep, IRepository repository, DeploymentInfoBase deploymentInfo, DeploymentAnalytics deploymentAnalytics, Boolean fullBuildByDefault, CancellationToken cancellationToken) in /tmp/KuduLite/Kudu.Core/Deployment/DeploymentManager.cs:line 840" /><!-- duration: 2ms -->
            <step title="Cleaning up temp files" date="2025-06-10T04:05:12.614" /><!-- duration: 2ms -->
            <step title="Cleaning up temp files" date="2025-06-10T04:05:12.618" /><!-- duration: 503ms -->
            <step title="Error occurred" date="2025-06-10T04:05:13.135" type="error" text="Invalid argument : &apos;/home/site/wwwroot/test\server.test.js&apos;" stackTrace="   at Microsoft.Win32.SafeHandles.SafeFileHandle.Open(String , OpenFlags , Int32 )
   at Microsoft.Win32.SafeHandles.SafeFileHandle.Open(String , FileMode , FileAccess , FileShare , FileOptions , Int64 )
   at System.IO.File.OpenHandle(String , FileMode , FileAccess , FileShare , FileOptions , Int64 )
   at System.IO.FileSystem.CopyFile(String , String , Boolean )
   at System.IO.File.Copy(String , String , Boolean )
   at System.IO.Abstractions.FileWrapper.Copy(String sourceFileName, String destFileName, Boolean overwrite)
   at Kudu.Core.Infrastructure.FileSystemHelpers.CopyDirectoryRecursive(String sourceDirPath, String destinationDirPath, Boolean overwrite) in /tmp/KuduLite/Kudu.Core/Infrastructure/FileSystemHelpers.cs:line 239
   at Kudu.Core.Deployment.Generator.OneDeployBuilder.Build(DeploymentContext context, CancellationToken token) in /tmp/KuduLite/Kudu.Core/Deployment/Generator/OneDeployBuilder.cs:line 113
   at Kudu.Core.Deployment.DeploymentManager.Build(ChangeSet changeSet, ITracer tracer, IDisposable deployStep, IRepository repository, DeploymentInfoBase deploymentInfo, DeploymentAnalytics deploymentAnalytics, Boolean fullBuildByDefault, CancellationToken cancellationToken) in /tmp/KuduLite/Kudu.Core/Deployment/DeploymentManager.cs:line 771
   at Kudu.Core.Deployment.DeploymentManager.Build(ChangeSet changeSet, ITracer tracer, IDisposable deployStep, IRepository repository, DeploymentInfoBase deploymentInfo, DeploymentAnalytics deploymentAnalytics, Boolean fullBuildByDefault, CancellationToken cancellationToken) in /tmp/KuduLite/Kudu.Core/Deployment/DeploymentManager.cs:line 840
   at Kudu.Core.Deployment.DeploymentManager.DeployAsync(IRepository repository, ChangeSet changeSet, String deployer, Boolean clean, DeploymentInfoBase deploymentInfo, Boolean needFileUpdate, Boolean fullBuildByDefault) in /tmp/KuduLite/Kudu.Core/Deployment/DeploymentManager.cs:line 266" /><!-- duration: 3ms -->
          </step><!-- duration: 2793ms -->
          <step title="Reloading status file with latest updates" date="2025-06-10T04:05:13.166" >
            <step title="WebHooksManager.PublishEventAsync: PostDeployment" date="2025-06-10T04:05:13.168" /><!-- duration: 35ms -->
          </step><!-- duration: 40ms -->
          <step title="Error occurred" date="2025-06-10T04:05:13.207" type="error" text="Invalid argument : &apos;/home/site/wwwroot/test\server.test.js&apos;" stackTrace="   at Microsoft.Win32.SafeHandles.SafeFileHandle.Open(String , OpenFlags , Int32 )
   at Microsoft.Win32.SafeHandles.SafeFileHandle.Open(String , FileMode , FileAccess , FileShare , FileOptions , Int64 )
   at System.IO.File.OpenHandle(String , FileMode , FileAccess , FileShare , FileOptions , Int64 )
   at System.IO.FileSystem.CopyFile(String , String , Boolean )
   at System.IO.File.Copy(String , String , Boolean )
   at System.IO.Abstractions.FileWrapper.Copy(String sourceFileName, String destFileName, Boolean overwrite)
   at Kudu.Core.Infrastructure.FileSystemHelpers.CopyDirectoryRecursive(String sourceDirPath, String destinationDirPath, Boolean overwrite) in /tmp/KuduLite/Kudu.Core/Infrastructure/FileSystemHelpers.cs:line 239
   at Kudu.Core.Deployment.Generator.OneDeployBuilder.Build(DeploymentContext context, CancellationToken token) in /tmp/KuduLite/Kudu.Core/Deployment/Generator/OneDeployBuilder.cs:line 113
   at Kudu.Core.Deployment.DeploymentManager.Build(ChangeSet changeSet, ITracer tracer, IDisposable deployStep, IRepository repository, DeploymentInfoBase deploymentInfo, DeploymentAnalytics deploymentAnalytics, Boolean fullBuildByDefault, CancellationToken cancellationToken) in /tmp/KuduLite/Kudu.Core/Deployment/DeploymentManager.cs:line 771
   at Kudu.Core.Deployment.DeploymentManager.Build(ChangeSet changeSet, ITracer tracer, IDisposable deployStep, IRepository repository, DeploymentInfoBase deploymentInfo, DeploymentAnalytics deploymentAnalytics, Boolean fullBuildByDefault, CancellationToken cancellationToken) in /tmp/KuduLite/Kudu.Core/Deployment/DeploymentManager.cs:line 840
   at Kudu.Core.Deployment.DeploymentManager.DeployAsync(IRepository repository, ChangeSet changeSet, String deployer, Boolean clean, DeploymentInfoBase deploymentInfo, Boolean needFileUpdate, Boolean fullBuildByDefault) in /tmp/KuduLite/Kudu.Core/Deployment/DeploymentManager.cs:line 266" /><!-- duration: 2ms -->
          <step title="Marking deployment as failed and cleaning up the temp deployment" date="2025-06-10T04:05:13.233" /><!-- duration: 3ms -->
        </step><!-- duration: 4260ms -->
      </step><!-- duration: 4275ms -->
      <step title="Error occurred" date="2025-06-10T04:05:13.318" type="error" text="Deployment failed" stackTrace="   at Kudu.Core.Deployment.DeploymentManager.DeployAsync(IRepository repository, ChangeSet changeSet, String deployer, Boolean clean, DeploymentInfoBase deploymentInfo, Boolean needFileUpdate, Boolean fullBuildByDefault) in /tmp/KuduLite/Kudu.Core/Deployment/DeploymentManager.cs:line 307
   at Kudu.Core.Deployment.FetchDeploymentManager.PerformDeployment(DeploymentInfoBase deploymentInfo, IDisposable tempDeployment, ChangeSet tempChangeSet, DeployStatusApiResult updateStatusObj) in /tmp/KuduLite/Kudu.Core/Deployment/FetchDeploymentManager.cs:line 230
   at Kudu.Core.Deployment.FetchDeploymentManager.&lt;&gt;c__DisplayClass17_0.&lt;&lt;FetchDeploy&gt;b__0&gt;d.MoveNext() in /tmp/KuduLite/Kudu.Core/Deployment/FetchDeploymentManager.cs:line 131
--- End of stack trace from previous location ---
   at Kudu.Core.Deployment.FetchDeploymentManager.FetchDeploy(DeploymentInfoBase deployInfo, Boolean asyncRequested, Uri requestUri, String targetBranch) in /tmp/KuduLite/Kudu.Core/Deployment/FetchDeploymentManager.cs:line 124
   at Kudu.Services.Deployment.PushDeploymentController.PushDeployAsync(ArtifactDeploymentInfo deploymentInfo, Boolean isAsync, HttpContext context, JObject requestJson) in /tmp/KuduLite/Kudu.Services/Deployment/PushDeploymentController.cs:line 791
   at Kudu.Services.Deployment.PushDeploymentController.OneDeploy(String type, Boolean async, String path, Nullable`1 restart, Nullable`1 clean, Boolean ignoreStack, Boolean trackDeploymentProgress, Boolean trackStatus, Boolean reset) in /tmp/KuduLite/Kudu.Services/Deployment/PushDeploymentController.cs:line 624
   at Microsoft.AspNetCore.Mvc.Infrastructure.ActionMethodExecutor.TaskOfIActionResultExecutor.Execute(IActionResultTypeMapper mapper, ObjectMethodExecutor executor, Object controller, Object[] arguments)
   at Microsoft.AspNetCore.Mvc.Infrastructure.ControllerActionInvoker.&lt;InvokeActionMethodAsync&gt;g__Awaited|12_0(ControllerActionInvoker invoker, ValueTask`1 actionResultValueTask)
   at Microsoft.AspNetCore.Mvc.Infrastructure.ControllerActionInvoker.&lt;InvokeNextActionFilterAsync&gt;g__Awaited|10_0(ControllerActionInvoker invoker, Task lastTask, State next, Scope scope, Object state, Boolean isCompleted)
   at Microsoft.AspNetCore.Mvc.Infrastructure.ControllerActionInvoker.Rethrow(ActionExecutedContextSealed context)
   at Microsoft.AspNetCore.Mvc.Infrastructure.ControllerActionInvoker.Next(State&amp; next, Scope&amp; scope, Object&amp; state, Boolean&amp; isCompleted)
   at Microsoft.AspNetCore.Mvc.Infrastructure.ControllerActionInvoker.&lt;InvokeInnerFilterAsync&gt;g__Awaited|13_0(ControllerActionInvoker invoker, Task lastTask, State next, Scope scope, Object state, Boolean isCompleted)
   at Microsoft.AspNetCore.Mvc.Infrastructure.ResourceInvoker.&lt;InvokeNextResourceFilter&gt;g__Awaited|25_0(ResourceInvoker invoker, Task lastTask, State next, Scope scope, Object state, Boolean isCompleted)
   at Microsoft.AspNetCore.Mvc.Infrastructure.ResourceInvoker.Rethrow(ResourceExecutedContextSealed context)
   at Microsoft.AspNetCore.Mvc.Infrastructure.ResourceInvoker.Next(State&amp; next, Scope&amp; scope, Object&amp; state, Boolean&amp; isCompleted)
   at Microsoft.AspNetCore.Mvc.Infrastructure.ResourceInvoker.&lt;InvokeFilterPipelineAsync&gt;g__Awaited|20_0(ResourceInvoker invoker, Task lastTask, State next, Scope scope, Object state, Boolean isCompleted)
   at Microsoft.AspNetCore.Mvc.Infrastructure.ResourceInvoker.&lt;InvokeAsync&gt;g__Awaited|17_0(ResourceInvoker invoker, Task task, IDisposable scope)
   at Microsoft.AspNetCore.Mvc.Infrastructure.ResourceInvoker.&lt;InvokeAsync&gt;g__Awaited|17_0(ResourceInvoker invoker, Task task, IDisposable scope)
   at Microsoft.AspNetCore.Builder.RouterMiddleware.Invoke(HttpContext httpContext)
   at Kudu.Services.Web.Tracing.TraceMiddleware.Invoke(HttpContext context) in /tmp/KuduLite/Kudu.Services.Web/Tracing/TraceMiddleware.cs:line 101" innerText="Invalid argument : &apos;/home/site/wwwroot/test\server.test.js&apos;" innerStackTrace="   at Microsoft.Win32.SafeHandles.SafeFileHandle.Open(String , OpenFlags , Int32 )
   at Microsoft.Win32.SafeHandles.SafeFileHandle.Open(String , FileMode , FileAccess , FileShare , FileOptions , Int64 )
   at System.IO.File.OpenHandle(String , FileMode , FileAccess , FileShare , FileOptions , Int64 )
   at System.IO.FileSystem.CopyFile(String , String , Boolean )
   at System.IO.File.Copy(String , String , Boolean )
   at System.IO.Abstractions.FileWrapper.Copy(String sourceFileName, String destFileName, Boolean overwrite)
   at Kudu.Core.Infrastructure.FileSystemHelpers.CopyDirectoryRecursive(String sourceDirPath, String destinationDirPath, Boolean overwrite) in /tmp/KuduLite/Kudu.Core/Infrastructure/FileSystemHelpers.cs:line 239
   at Kudu.Core.Deployment.Generator.OneDeployBuilder.Build(DeploymentContext context, CancellationToken token) in /tmp/KuduLite/Kudu.Core/Deployment/Generator/OneDeployBuilder.cs:line 113
   at Kudu.Core.Deployment.DeploymentManager.Build(ChangeSet changeSet, ITracer tracer, IDisposable deployStep, IRepository repository, DeploymentInfoBase deploymentInfo, DeploymentAnalytics deploymentAnalytics, Boolean fullBuildByDefault, CancellationToken cancellationToken) in /tmp/KuduLite/Kudu.Core/Deployment/DeploymentManager.cs:line 771
   at Kudu.Core.Deployment.DeploymentManager.Build(ChangeSet changeSet, ITracer tracer, IDisposable deployStep, IRepository repository, DeploymentInfoBase deploymentInfo, DeploymentAnalytics deploymentAnalytics, Boolean fullBuildByDefault, CancellationToken cancellationToken) in /tmp/KuduLite/Kudu.Core/Deployment/DeploymentManager.cs:line 840
   at Kudu.Core.Deployment.DeploymentManager.DeployAsync(IRepository repository, ChangeSet changeSet, String deployer, Boolean clean, DeploymentInfoBase deploymentInfo, Boolean needFileUpdate, Boolean fullBuildByDefault) in /tmp/KuduLite/Kudu.Core/Deployment/DeploymentManager.cs:line 266" /><!-- duration: 2ms -->
      <step title="Incoming Request" date="2025-06-10T04:05:13.331" url="/Error?type=zip" method="POST" type="request" pid="821,1,5" Accept="*/*" Host="smart-notes-app-lamb2025.scm.azurewebsites.net" User-Agent="AZURECLI/2.73.0 (MSI)" Accept-Encoding="gzip, deflate" Authorization="Bas..." Cache-Control="no-cache" Content-Type="application/octet-stream" Content-Length="2388" x-ms-client-request-id="f7214131-45af-11f0-99c6-40ec99edfd09" x-ms-artifact-checksum="ad54d284c37522928b4a4bf91d23e14958b27bfb995373cce157a123defeac6d" X-ARR-LOG-ID="f7214131-45af-11f0-99c6-40ec99edfd09" CLIENT-IP="107.214.32.197:63408" X-SITE-DEPLOYMENT-ID="smart-notes-app-lamb2025" WAS-DEFAULT-HOSTNAME="smart-notes-app-lamb2025.scm.azurewebsites.net" X-Forwarded-Proto="https" X-AppService-Proto="https" X-Forwarded-TlsVersion="1.3" X-WAWS-Unencoded-URL="/api/publish?type=zip" X-Client-IP="107.214.32.197" X-Client-Port="63408" >
        <step title="Outgoing response" date="2025-06-10T04:05:13.341" type="response" statusCode="400" statusText="BadRequest" /><!-- duration: 2ms -->
      </step><!-- duration: 16ms -->
