<step title="BackgroundTrace" date="2025-06-13T04:28:42.397" instance="9d9ad2" url="/api/zipdeploy" method="POST" >
  <step title="Cleanup Xml Logs" date="2025-06-13T04:28:42.399" /><!-- duration: 4ms -->
  <step title="Creating temporary deployment - FetchDeploymentManager" date="2025-06-13T04:28:42.468" /><!-- duration: 2ms -->
  <step title="Creating temporary deployment" date="2025-06-13T04:28:42.477" /><!-- duration: 68ms -->
  <step title="Performing fetch based deployment" date="2025-06-13T04:28:42.603" >
    <step title="Deployment timer started" date="2025-06-13T04:28:45.826" >
      <step title="DeploymentManager.Deploy(id:6d061632-9cf0-4cf0-bf0d-a10f405dbaee)" date="2025-06-13T04:28:45.834" >
        <step title="Collecting changeset information" date="2025-06-13T04:28:45.857" /><!-- duration: 129ms -->
        <step title="Updating submodules" date="2025-06-13T04:28:45.996" /><!-- duration: 1111ms -->
        <step title="Determining deployment builder" date="2025-06-13T04:28:47.247" >
          <step title="Builder is RunFromZipSiteBuilder" date="2025-06-13T04:28:47.260" /><!-- duration: 8ms -->
        </step><!-- duration: 23ms -->
        <step title="PreDeployment: context.CleanOutputPath False" date="2025-06-13T04:28:47.303" >
          <step title="PreDeployment: context.OutputPath /home/site/wwwroot" date="2025-06-13T04:28:47.380" >
            <step title="Building" date="2025-06-13T04:28:47.490" >
              <step title="Triggering recycle (preview mode disabled)." date="2025-06-13T04:28:47.726" /><!-- duration: 4ms -->
              <step title="Modified file to trigger a restart of the app container." date="2025-06-13T04:28:47.759" /><!-- duration: 2ms -->
              <step title="Skip function trigger and logicapp sync because function is not enabled." date="2025-06-13T04:28:47.778" /><!-- duration: 2ms -->
            </step><!-- duration: 1307ms -->
          </step><!-- duration: 1460ms -->
          <step title="Cleaning up temp files" date="2025-06-13T04:28:48.843" /><!-- duration: 26ms -->
          <step title="Cleaning up temp files" date="2025-06-13T04:28:48.877" /><!-- duration: 557ms -->
          <step title="Reloading status file with latest updates" date="2025-06-13T04:28:49.759" >
            <step title="WebHooksManager.PublishEventAsync: PostDeployment" date="2025-06-13T04:28:49.776" /><!-- duration: 191ms -->
          </step><!-- duration: 227ms -->
          <step title="Cleaning up temporary deployment - fetch deployment was successful" date="2025-06-13T04:28:49.997" /><!-- duration: 2ms -->
        </step><!-- duration: 2804ms -->
      </step><!-- duration: 4352ms -->
