<step title="Incoming Request" date="2025-06-13T04:21:02.539" instance="9d9ad2" url="/api/zipdeploy?isAsync=true&amp;deployer=GITHUB_ZIP_DEPLOY&amp;message=%7B%22type%22%3A%22deployment%22%2C%22sha%22%3A%22c3e1c4e35cab32949342636d647e310e15756afa%22%2C%22repoName%22%3A%22musicFlow9999%2FSmart-Note-Taking-Web-App-Implementation-Guide%22%2C%22actor%22%3A%22musicFlow9999%22%2C%22slotName%22%3A%22production%22%2C%22commitMessage%22%3A%22Update%20AGENTS.md%20with%20troubleshooting%20session%20notes%20and%20resolution%22%7D" method="POST" type="request" pid="827,1,23" Host="smart-notes-app-lamb2025.scm.azurewebsites.net" User-Agent="GITHUBACTIONS_DeployWebAppToAzure_4b1350dac09f4ba07cd412317dc066e863694d1d4666228fc686295b9b609619" Authorization="Bea..." Content-Type="application/octet-stream" Cookie="ARRAffinity=9d9ad26f55314832f40453d107bc280606f9336225ee3827727ea25821b4efdd;Path=/;HttpOnly;Secure;Domain=smart-notes-app-lamb2025.scm.azurewebsites.net; ARRAffinitySameSite=9d9ad26f55314832f40453d107bc280606f9336225ee3827727ea25821b4efdd;Path=/;HttpOnly;SameSite=None;Secure;Domain=smart-notes-app-lamb2025.scm.azurewebsites.net" Transfer-Encoding="chunked" X-ARR-LOG-ID="b2caa26b-bdfb-49e1-8c7e-92448d685521" CLIENT-IP="20.25.192.74:65472" X-SITE-DEPLOYMENT-ID="smart-notes-app-lamb2025" WAS-DEFAULT-HOSTNAME="smart-notes-app-lamb2025.scm.azurewebsites.net" X-Forwarded-Proto="https" X-AppService-Proto="https" X-Forwarded-TlsVersion="1.3" X-WAWS-Unencoded-URL="/api/zipdeploy?isAsync=true&amp;deployer=GITHUB_ZIP_DEPLOY&amp;message=%7B%22type%22%3A%22deployment%22%2C%22sha%22%3A%22c3e1c4e35cab32949342636d647e310e15756afa%22%2C%22repoName%22%3A%22musicFlow9999%2FSmart-Note-Taking-Web-App-Implementation-Guide%22%2C%22actor%22%3A%22musicFlow9999%22%2C%22slotName%22%3A%22production%22%2C%22commitMessage%22%3A%22Update%20AGENTS.md%20with%20troubleshooting%20session%20notes%20and%20resolution%22%7D" X-Client-IP="20.25.192.74" X-Client-Port="65472" >
  <step title="ZipPushDeploy" date="2025-06-13T04:21:02.678" >
    <step title="ZipDeploy. Run from package." date="2025-06-13T04:21:02.709" /><!-- duration: 2ms -->
    <step title="None repository commit" date="2025-06-13T04:21:02.721" >
      <step title="Commit id: 0be6ded7-ff04-438f-9bd5-01cbab7285ed" date="2025-06-13T04:21:02.722" Message="N/A" AuthorName="N/A" AuthorEmail="N/A" /><!-- duration: 2ms -->
    </step><!-- duration: 9ms -->
    <step title="Starting PushDeployAsync" date="2025-06-13T04:21:02.737" /><!-- duration: 2ms -->
    <step title="WEBSITE_RUN_FROM_PACKAGE is set to 1. Writing zip to SitePackagesPath" date="2025-06-13T04:21:02.755" /><!-- duration: 2ms -->
    <step title="Copying zip to SitePackages /home/data/SitePackages/20250613042102.zip from request body" date="2025-06-13T04:21:02.777" /><!-- duration: 18ms -->
    <step title="Writing multipart request body to /home/data/SitePackages/20250613042102.zip" date="2025-06-13T04:21:02.798" /><!-- duration: 7ms -->
    <step title="Deleting outdated zip file /home/data/SitePackages/20250613030532.zip" date="2025-06-13T04:21:03.732" /><!-- duration: 13ms -->
    <step title="Start deployment in the background" date="2025-06-13T04:21:03.757" >
      <step title="Acquiring Deployment Lock" date="2025-06-13T04:21:03.825" /><!-- duration: 2ms -->
      <step title="Acquired Deployment Lock" date="2025-06-13T04:21:03.861" /><!-- duration: 2ms -->
    </step><!-- duration: 175ms -->
  </step><!-- duration: 1262ms -->
  <step title="Outgoing response" date="2025-06-13T04:21:03.950" type="response" statusCode="202" statusText="Accepted" /><!-- duration: 3ms -->
</step><!-- duration: 1419ms -->
