<step title="BackgroundTrace" date="2025-06-13T03:17:34.879" instance="9d9ad2" url="/api/zipdeploy" method="POST" >
  <step title="Cleanup Xml Logs" date="2025-06-13T03:17:34.882" /><!-- duration: 4ms -->
  <step title="Creating temporary deployment - FetchDeploymentManager" date="2025-06-13T03:17:34.947" /><!-- duration: 2ms -->
  <step title="Creating temporary deployment" date="2025-06-13T03:17:34.951" /><!-- duration: 71ms -->
  <step title="Performing fetch based deployment" date="2025-06-13T03:17:35.064" >
    <step title="Deployment timer started" date="2025-06-13T03:17:38.209" >
      <step title="DeploymentManager.Deploy(id:091fb99a-9e43-4a88-b5f9-286cf963dacd)" date="2025-06-13T03:17:38.247" >
        <step title="Collecting changeset information" date="2025-06-13T03:17:38.357" /><!-- duration: 107ms -->
        <step title="Updating submodules" date="2025-06-13T03:17:38.467" /><!-- duration: 1081ms -->
        <step title="Determining deployment builder" date="2025-06-13T03:17:39.683" >
          <step title="Builder is RunFromZipSiteBuilder" date="2025-06-13T03:17:39.694" /><!-- duration: 2ms -->
        </step><!-- duration: 32ms -->
        <step title="PreDeployment: context.CleanOutputPath False" date="2025-06-13T03:17:39.766" >
          <step title="PreDeployment: context.OutputPath /home/site/wwwroot" date="2025-06-13T03:17:39.894" >
            <step title="Building" date="2025-06-13T03:17:40.008" >
              <step title="Triggering recycle (preview mode disabled)." date="2025-06-13T03:17:40.255" /><!-- duration: 10ms -->
              <step title="Modified file to trigger a restart of the app container." date="2025-06-13T03:17:40.290" /><!-- duration: 2ms -->
              <step title="Skip function trigger and logicapp sync because function is not enabled." date="2025-06-13T03:17:40.293" /><!-- duration: 4ms -->
            </step><!-- duration: 1030ms -->
          </step><!-- duration: 1171ms -->
          <step title="Cleaning up temp files" date="2025-06-13T03:17:41.077" /><!-- duration: 18ms -->
          <step title="Cleaning up temp files" date="2025-06-13T03:17:41.097" /><!-- duration: 537ms -->
          <step title="Reloading status file with latest updates" date="2025-06-13T03:17:41.673" >
            <step title="WebHooksManager.PublishEventAsync: PostDeployment" date="2025-06-13T03:17:41.692" /><!-- duration: 50ms -->
          </step><!-- duration: 91ms -->
          <step title="Cleaning up temporary deployment - fetch deployment was successful" date="2025-06-13T03:17:41.793" /><!-- duration: 9ms -->
        </step><!-- duration: 2128ms -->
      </step><!-- duration: 3677ms -->
