<step title="BackgroundTrace" date="2025-06-13T04:25:13.095" instance="9d9ad2" url="/api/zipdeploy" method="POST" >
  <step title="Cleanup Xml Logs" date="2025-06-13T04:25:13.097" /><!-- duration: 21ms -->
  <step title="Creating temporary deployment - FetchDeploymentManager" date="2025-06-13T04:25:13.182" /><!-- duration: 2ms -->
  <step title="Creating temporary deployment" date="2025-06-13T04:25:13.188" /><!-- duration: 57ms -->
  <step title="Performing fetch based deployment" date="2025-06-13T04:25:13.293" >
    <step title="Deployment timer started" date="2025-06-13T04:25:16.548" >
      <step title="DeploymentManager.Deploy(id:582228b4-7fbe-43f1-a30b-4043acc2f2f3)" date="2025-06-13T04:25:16.557" >
        <step title="Collecting changeset information" date="2025-06-13T04:25:16.600" /><!-- duration: 69ms -->
        <step title="Updating submodules" date="2025-06-13T04:25:16.673" /><!-- duration: 1084ms -->
        <step title="Determining deployment builder" date="2025-06-13T04:25:17.938" >
          <step title="Builder is RunFromZipSiteBuilder" date="2025-06-13T04:25:17.955" /><!-- duration: 8ms -->
        </step><!-- duration: 28ms -->
        <step title="PreDeployment: context.CleanOutputPath False" date="2025-06-13T04:25:18.005" >
          <step title="PreDeployment: context.OutputPath /home/site/wwwroot" date="2025-06-13T04:25:18.092" >
            <step title="Building" date="2025-06-13T04:25:18.179" >
              <step title="Triggering recycle (preview mode disabled)." date="2025-06-13T04:25:18.382" /><!-- duration: 2ms -->
              <step title="Modified file to trigger a restart of the app container." date="2025-06-13T04:25:18.413" /><!-- duration: 8ms -->
              <step title="Skip function trigger and logicapp sync because function is not enabled." date="2025-06-13T04:25:18.425" /><!-- duration: 6ms -->
            </step><!-- duration: 1038ms -->
          </step><!-- duration: 1133ms -->
          <step title="Cleaning up temp files" date="2025-06-13T04:25:19.228" /><!-- duration: 10ms -->
          <step title="Cleaning up temp files" date="2025-06-13T04:25:19.240" /><!-- duration: 510ms -->
          <step title="Reloading status file with latest updates" date="2025-06-13T04:25:19.763" >
            <step title="WebHooksManager.PublishEventAsync: PostDeployment" date="2025-06-13T04:25:19.798" /><!-- duration: 81ms -->
          </step><!-- duration: 119ms -->
          <step title="Cleaning up temporary deployment - fetch deployment was successful" date="2025-06-13T04:25:19.888" /><!-- duration: 2ms -->
        </step><!-- duration: 2016ms -->
      </step><!-- duration: 3495ms -->
