<step title="BackgroundTrace" date="2025-06-10T04:06:00.224" instance="3934d2" url="/api/zipdeploy" method="POST" >
  <step title="Creating temporary deployment - FetchDeploymentManager" date="2025-06-10T04:06:00.290" /><!-- duration: 4ms -->
  <step title="Creating temporary deployment" date="2025-06-10T04:06:00.301" /><!-- duration: 91ms -->
  <step title="Performing fetch based deployment" date="2025-06-10T04:06:00.475" >
    <step title="Cleaning up temp folders from previous zip deployments and extracting pushed zip file /tmp/zipdeploy/c5a4ae72-0a25-4040-9843-8a01fa1aabe5.zip (0.00 MB) to /tmp/zipdeploy/extracted" date="2025-06-10T04:06:01.597" >
      <step title="ChmodRecursive Process exited with total time taken in ms: 65" date="2025-06-10T04:06:01.692" /><!-- duration: 2ms -->
    </step><!-- duration: 101ms -->
    <step title="Deployment timer started" date="2025-06-10T04:06:03.725" >
      <step title="DeploymentManager.Deploy(id:1a153bcc-985a-4fd5-a781-5f6eec6fd7b0)" date="2025-06-10T04:06:03.730" >
        <step title="Collecting changeset information" date="2025-06-10T04:06:03.752" /><!-- duration: 55ms -->
        <step title="Updating submodules" date="2025-06-10T04:06:03.811" /><!-- duration: 1095ms -->
        <step title="Determining deployment builder" date="2025-06-10T04:06:05.035" >
          <step title="Builder is BasicBuilder" date="2025-06-10T04:06:05.049" /><!-- duration: 2ms -->
        </step><!-- duration: 19ms -->
        <step title="PreDeployment: context.CleanOutputPath False" date="2025-06-10T04:06:05.085" >
          <step title="PreDeployment: context.OutputPath /home/site/wwwroot" date="2025-06-10T04:06:05.149" >
            <step title="Building" date="2025-06-10T04:06:05.252" >
              <step title="Executing external process" date="2025-06-10T04:06:05.425" type="process" path="starter.sh" arguments="/opt/Kudu/Scripts/parallel_rsync.sh /tmp/zipdeploy/extracted /home/site/wwwroot 8 /tmp/ False True  " /><!-- duration: 826ms -->
              <step title="Triggering recycle (preview mode disabled)." date="2025-06-10T04:06:06.389" /><!-- duration: 9ms -->
              <step title="Modified file to trigger a restart of the app container." date="2025-06-10T04:06:06.420" /><!-- duration: 2ms -->
              <step title="Skip function trigger and logicapp sync because function is not enabled." date="2025-06-10T04:06:06.436" /><!-- duration: 5ms -->
              <step title="Purge deployment items" date="2025-06-10T04:06:06.923" >
                <step title="Remove 9935c3ee-, Failed, received at 06/10/2025 04:05:09" date="2025-06-10T04:06:06.956" /><!-- duration: 2ms -->
              </step><!-- duration: 37ms -->
            </step><!-- duration: 1741ms -->
          </step><!-- duration: 1847ms -->
          <step title="Cleaning up temp files" date="2025-06-10T04:06:06.997" /><!-- duration: 3ms -->
          <step title="Cleaning up temp files" date="2025-06-10T04:06:07.004" /><!-- duration: 512ms -->
          <step title="Reloading status file with latest updates" date="2025-06-10T04:06:07.537" >
            <step title="WebHooksManager.PublishEventAsync: PostDeployment" date="2025-06-10T04:06:07.540" /><!-- duration: 17ms -->
          </step><!-- duration: 22ms -->
          <step title="Cleaning up temporary deployment - fetch deployment was successful" date="2025-06-10T04:06:07.563" /><!-- duration: 2ms -->
        </step><!-- duration: 2544ms -->
      </step><!-- duration: 3919ms -->
