<step title="Incoming Request" date="2025-06-12T06:57:51.685" instance="3934d2" url="/api/publish?type=zip" method="POST" type="request" pid="820,1,19" Accept="*/*" Host="smart-notes-app-lamb2025.scm.azurewebsites.net" User-Agent="AZURECLI/2.73.0 (MSI)" Accept-Encoding="gzip, deflate" Authorization="Bas..." Cache-Control="no-cache" Content-Type="application/octet-stream" Cookie="ARRAffinity=3934d2ba198b190ab00a0d51692c574c482804c6d3bc24b2748af08de2f737a6; ARRAffinitySameSite=3934d2ba198b190ab00a0d51692c574c482804c6d3bc24b2748af08de2f737a6" Content-Length="26794" x-ms-client-request-id="882c5c77-475a-11f0-becf-40ec99edfd09" x-ms-artifact-checksum="e8ed0f2910efbfdb9fc10a88e1b399edc3ce6a036732937ef7e8a2fd88f4a38d" X-ARR-LOG-ID="882c5c77-475a-11f0-becf-40ec99edfd09" CLIENT-IP="107.214.32.197:49733" X-SITE-DEPLOYMENT-ID="smart-notes-app-lamb2025" WAS-DEFAULT-HOSTNAME="smart-notes-app-lamb2025.scm.azurewebsites.net" X-Forwarded-Proto="https" X-AppService-Proto="https" X-Forwarded-TlsVersion="1.3" X-WAWS-Unencoded-URL="/api/publish?type=zip" X-Client-IP="107.214.32.197" X-Client-Port="49733" >
  <step title="OneDeploy" date="2025-06-12T06:57:51.699" >
    <step title="Starting PushDeployAsync" date="2025-06-12T06:57:51.706" /><!-- duration: 2ms -->
    <step title="Writing artifact to /tmp/zipdeploy/60da98a7-f487-4e50-98e9-166bf07d3de6.zip" date="2025-06-12T06:57:51.714" >
      <step title="Writing multipart request body to /tmp/zipdeploy/60da98a7-f487-4e50-98e9-166bf07d3de6.zip" date="2025-06-12T06:57:51.723" /><!-- duration: 3ms -->
    </step><!-- duration: 15ms -->
    <step title="Attempting to fetch target branch HEAD" date="2025-06-12T06:57:51.738" /><!-- duration: 3ms -->
    <step title="Acquiring Deployment Lock" date="2025-06-12T06:57:51.744" /><!-- duration: 3ms -->
    <step title="Acquired Deployment Lock" date="2025-06-12T06:57:51.764" /><!-- duration: 2ms -->
    <step title="Performing fetch based deployment" date="2025-06-12T06:57:51.771" >
      <step title="Creating temporary deployment" date="2025-06-12T06:57:51.774" /><!-- duration: 36ms -->
      <step title="Releasing Deployment Lock" date="2025-06-12T06:57:52.887" /><!-- duration: 5ms -->
      <step title="Cleaning up temp folders from previous zip deployments and extracting pushed zip file /tmp/zipdeploy/60da98a7-f487-4e50-98e9-166bf07d3de6.zip (0.03 MB) to /tmp/zipdeploy/extracted" date="2025-06-12T06:57:52.909" >
        <step title="ChmodRecursive Process exited with total time taken in ms: 15" date="2025-06-12T06:57:52.940" /><!-- duration: 2ms -->
      </step><!-- duration: 36ms -->
      <step title="None repository commit" date="2025-06-12T06:57:52.947" >
        <step title="Commit id: 989dee64-0d24-4ad8-9f29-4c7fccb9bbca" date="2025-06-12T06:57:52.949" Message="OneDeploy" AuthorName="N/A" AuthorEmail="N/A" /><!-- duration: 10ms -->
      </step><!-- duration: 14ms -->
      <step title="Deployment timer started" date="2025-06-12T06:57:54.964" >
        <step title="DeploymentManager.Deploy(id:989dee64-0d24-4ad8-9f29-4c7fccb9bbca)" date="2025-06-12T06:57:54.970" >
          <step title="Collecting changeset information" date="2025-06-12T06:57:54.979" /><!-- duration: 55ms -->
          <step title="Updating submodules" date="2025-06-12T06:57:55.040" /><!-- duration: 1104ms -->
          <step title="Determining deployment builder" date="2025-06-12T06:57:56.275" >
            <step title="Builder is OneDeployBuilder" date="2025-06-12T06:57:56.284" /><!-- duration: 2ms -->
          </step><!-- duration: 14ms -->
          <step title="PreDeployment: context.CleanOutputPath False" date="2025-06-12T06:57:56.316" >
            <step title="PreDeployment: context.OutputPath /home/site/wwwroot" date="2025-06-12T06:57:56.374" >
              <step title="Building" date="2025-06-12T06:57:56.462" >
                <step title="Executing external process" date="2025-06-12T06:57:56.729" type="process" path="starter.sh" arguments="/opt/Kudu/Scripts/parallel_rsync.sh /tmp/zipdeploy/extracted /home/site/wwwroot 8 /tmp/ False False  " >
                  <step title="Process dump" date="2025-06-12T06:57:58.977" exitCode="123" type="processOutput" /><!-- duration: 5ms -->
                </step><!-- duration: 2255ms -->
                <step title="Error occurred" date="2025-06-12T06:57:59.017" type="error" text="rsync: [generator] recv_generator: failed to stat &quot;/home/site/wwwroot/src\fileData.js&quot;: Invalid argument (22)
rsync: [generator] recv_generator: failed to stat &quot;/home/site/wwwroot/src\sqliteStoreJS.js&quot;: Invalid argument (22)
rsync: [generator] recv_generator: failed to stat &quot;/home/site/wwwroot/src\sqliteStore.js&quot;: Invalid argument (22)
rsync: [generator] recv_generator: failed to stat &quot;/home/site/wwwroot/src\logger.js&quot;: Invalid argument (22)
rsync: [generator] recv_generator: failed to stat &quot;/home/site/wwwroot/src\server.js&quot;: Invalid argument (22)
rsync: [generator] recv_generator: failed to stat &quot;/home/site/wwwroot/src\data.js&quot;: Invalid argument (22)
rsync: [generator] recv_generator: failed to stat &quot;/home/site/wwwroot/src\store.js&quot;: Invalid argument (22)
rsync: [generator] recv_generator: failed to stat &quot;/home/site/wwwroot/src\auth.js&quot;: Invalid argument (22)
rsync error: some files/attrs were not transferred (see previous errors) (code 23) at main.c(1338) [sender=3.2.7]
rsync error: some files/attrs were not transferred (see previous errors) (code 23) at main.c(1338) [sender=3.2.7]
rsync: [generator] recv_generator: failed to stat &quot;/home/site/wwwroot/src\fileData.js&quot;: Invalid argument (22)
rsync: [generator] recv_generator: failed to stat &quot;/home/site/wwwroot/src\sqliteStoreJS.js&quot;: Invalid argument (22)
rsync error: some files/attrs were not transferred (see previous errors) (code 23) at main.c(1338) [sender=3.2.7]
rsync: [generator] recv_generator: failed to stat &quot;/home/site/wwwroot/src\data.js&quot;: Invalid argument (22)
rsync: [generator] recv_generator: failed to stat &quot;/home/site/wwwroot/src\store.js&quot;: Invalid argument (22)
rsync: [generator] recv_generator: failed to stat &quot;/home/site/wwwroot/src\logger.js&quot;: Invalid argument (22)
rsync: [generator] recv_generator: failed to stat &quot;/home/site/wwwroot/src\server.js&quot;: Invalid argument (22)
rsync error: some files/attrs were not transferred (see previous errors) (code 23) at main.c(1338) [sender=3.2.7]
rsync: [generator] recv_generator: failed to stat &quot;/home/site/wwwroot/src\auth.js&quot;: Invalid argument (22)
rsync error: some files/attrs were not transferred (see previous errors) (code 23) at main.c(1338) [sender=3.2.7]
rsync: [generator] recv_generator: failed to stat &quot;/home/site/wwwroot/src\sqliteStore.js&quot;: Invalid argument (22)
rsync error: some files/attrs were not transferred (see previous errors) (code 23) at main.c(1338) [sender=3.2.7]
rsync error: some files/attrs were not transferred (see previous errors) (code 23) at main.c(1338) [sender=3.2.7]
rsync error: some files/attrs were not transferred (see previous errors) (code 23) at main.c(1338) [sender=3.2.7]
rsync error: some files/attrs were not transferred (see previous errors) (code 23) at main.c(1338) [sender=3.2.7]
rsync error: some files/attrs were not transferred (see previous errors) (code 23) at main.c(1338) [sender=3.2.7]
/opt/Kudu/Scripts/starter.sh /opt/Kudu/Scripts/parallel_rsync.sh /tmp/zipdeploy/extracted /home/site/wwwroot 8 /tmp/ False False  " stackTrace="   at Kudu.Core.Infrastructure.Executable.ExecuteInternal(ITracer tracer, Func`2 onWriteOutput, Func`2 onWriteError, CancellationToken token, Encoding encoding, String arguments, Object[] args) in /tmp/KuduLite/Kudu.Core/Infrastructure/Executable.cs:line 239
   at Kudu.Core.Infrastructure.Executable.ExecuteWithProgressWriter(ILogger logger, ITracer tracer, CancellationToken token, String arguments, Object[] args) in /tmp/KuduLite/Kudu.Core/Infrastructure/Executable.cs:line 118
   at Kudu.Core.Deployment.Generator.ExternalCommandBuilder.RunCommand(DeploymentContext context, String command, Boolean ignoreManifest, CancellationToken token, String message) in /tmp/KuduLite/Kudu.Core/Deployment/Generator/ExternalCommandBuilder.cs:line 115" /><!-- duration: 2ms -->
                <step title="Error occurred" date="2025-06-12T06:57:59.229" type="error" text="Invalid argument : &apos;/home/site/wwwroot/src\sqliteStore.js&apos;" stackTrace="   at Microsoft.Win32.SafeHandles.SafeFileHandle.Open(String , OpenFlags , Int32 )
   at Microsoft.Win32.SafeHandles.SafeFileHandle.Open(String , FileMode , FileAccess , FileShare , FileOptions , Int64 )
   at System.IO.File.OpenHandle(String , FileMode , FileAccess , FileShare , FileOptions , Int64 )
   at System.IO.FileSystem.CopyFile(String , String , Boolean )
   at System.IO.File.Copy(String , String , Boolean )
   at System.IO.Abstractions.FileWrapper.Copy(String sourceFileName, String destFileName, Boolean overwrite)
   at Kudu.Core.Infrastructure.FileSystemHelpers.CopyDirectoryRecursive(String sourceDirPath, String destinationDirPath, Boolean overwrite) in /tmp/KuduLite/Kudu.Core/Infrastructure/FileSystemHelpers.cs:line 239
   at Kudu.Core.Deployment.Generator.OneDeployBuilder.Build(DeploymentContext context, CancellationToken token) in /tmp/KuduLite/Kudu.Core/Deployment/Generator/OneDeployBuilder.cs:line 113
   at Kudu.Core.Deployment.DeploymentManager.Build(ChangeSet changeSet, ITracer tracer, IDisposable deployStep, IRepository repository, DeploymentInfoBase deploymentInfo, DeploymentAnalytics deploymentAnalytics, Boolean fullBuildByDefault, CancellationToken cancellationToken) in /tmp/KuduLite/Kudu.Core/Deployment/DeploymentManager.cs:line 771" /><!-- duration: 4ms -->
                <step title="Purge deployment items" date="2025-06-12T06:57:59.399" >
                  <step title="Remove 29dd647c-, Failed, received at 06/12/2025 06:56:35" date="2025-06-12T06:57:59.430" /><!-- duration: 2ms -->
                </step><!-- duration: 35ms -->
              </step><!-- duration: 2973ms -->
            </step><!-- duration: 3066ms -->
            <step title="Error occurred" date="2025-06-12T06:57:59.442" type="error" text="Invalid argument : &apos;/home/site/wwwroot/src\sqliteStore.js&apos;" stackTrace="   at Microsoft.Win32.SafeHandles.SafeFileHandle.Open(String , OpenFlags , Int32 )
   at Microsoft.Win32.SafeHandles.SafeFileHandle.Open(String , FileMode , FileAccess , FileShare , FileOptions , Int64 )
   at System.IO.File.OpenHandle(String , FileMode , FileAccess , FileShare , FileOptions , Int64 )
   at System.IO.FileSystem.CopyFile(String , String , Boolean )
   at System.IO.File.Copy(String , String , Boolean )
   at System.IO.Abstractions.FileWrapper.Copy(String sourceFileName, String destFileName, Boolean overwrite)
   at Kudu.Core.Infrastructure.FileSystemHelpers.CopyDirectoryRecursive(String sourceDirPath, String destinationDirPath, Boolean overwrite) in /tmp/KuduLite/Kudu.Core/Infrastructure/FileSystemHelpers.cs:line 239
   at Kudu.Core.Deployment.Generator.OneDeployBuilder.Build(DeploymentContext context, CancellationToken token) in /tmp/KuduLite/Kudu.Core/Deployment/Generator/OneDeployBuilder.cs:line 113
   at Kudu.Core.Deployment.DeploymentManager.Build(ChangeSet changeSet, ITracer tracer, IDisposable deployStep, IRepository repository, DeploymentInfoBase deploymentInfo, DeploymentAnalytics deploymentAnalytics, Boolean fullBuildByDefault, CancellationToken cancellationToken) in /tmp/KuduLite/Kudu.Core/Deployment/DeploymentManager.cs:line 771
   at Kudu.Core.Deployment.DeploymentManager.Build(ChangeSet changeSet, ITracer tracer, IDisposable deployStep, IRepository repository, DeploymentInfoBase deploymentInfo, DeploymentAnalytics deploymentAnalytics, Boolean fullBuildByDefault, CancellationToken cancellationToken) in /tmp/KuduLite/Kudu.Core/Deployment/DeploymentManager.cs:line 840" /><!-- duration: 3ms -->
            <step title="Cleaning up temp files" date="2025-06-12T06:57:59.496" /><!-- duration: 2ms -->
            <step title="Cleaning up temp files" date="2025-06-12T06:57:59.502" /><!-- duration: 504ms -->
            <step title="Error occurred" date="2025-06-12T06:58:00.039" type="error" text="Invalid argument : &apos;/home/site/wwwroot/src\sqliteStore.js&apos;" stackTrace="   at Microsoft.Win32.SafeHandles.SafeFileHandle.Open(String , OpenFlags , Int32 )
   at Microsoft.Win32.SafeHandles.SafeFileHandle.Open(String , FileMode , FileAccess , FileShare , FileOptions , Int64 )
   at System.IO.File.OpenHandle(String , FileMode , FileAccess , FileShare , FileOptions , Int64 )
   at System.IO.FileSystem.CopyFile(String , String , Boolean )
   at System.IO.File.Copy(String , String , Boolean )
   at System.IO.Abstractions.FileWrapper.Copy(String sourceFileName, String destFileName, Boolean overwrite)
   at Kudu.Core.Infrastructure.FileSystemHelpers.CopyDirectoryRecursive(String sourceDirPath, String destinationDirPath, Boolean overwrite) in /tmp/KuduLite/Kudu.Core/Infrastructure/FileSystemHelpers.cs:line 239
   at Kudu.Core.Deployment.Generator.OneDeployBuilder.Build(DeploymentContext context, CancellationToken token) in /tmp/KuduLite/Kudu.Core/Deployment/Generator/OneDeployBuilder.cs:line 113
   at Kudu.Core.Deployment.DeploymentManager.Build(ChangeSet changeSet, ITracer tracer, IDisposable deployStep, IRepository repository, DeploymentInfoBase deploymentInfo, DeploymentAnalytics deploymentAnalytics, Boolean fullBuildByDefault, CancellationToken cancellationToken) in /tmp/KuduLite/Kudu.Core/Deployment/DeploymentManager.cs:line 771
   at Kudu.Core.Deployment.DeploymentManager.Build(ChangeSet changeSet, ITracer tracer, IDisposable deployStep, IRepository repository, DeploymentInfoBase deploymentInfo, DeploymentAnalytics deploymentAnalytics, Boolean fullBuildByDefault, CancellationToken cancellationToken) in /tmp/KuduLite/Kudu.Core/Deployment/DeploymentManager.cs:line 840
   at Kudu.Core.Deployment.DeploymentManager.DeployAsync(IRepository repository, ChangeSet changeSet, String deployer, Boolean clean, DeploymentInfoBase deploymentInfo, Boolean needFileUpdate, Boolean fullBuildByDefault) in /tmp/KuduLite/Kudu.Core/Deployment/DeploymentManager.cs:line 266" /><!-- duration: 2ms -->
          </step><!-- duration: 3737ms -->
          <step title="Reloading status file with latest updates" date="2025-06-12T06:58:00.076" >
            <step title="WebHooksManager.PublishEventAsync: PostDeployment" date="2025-06-12T06:58:00.079" /><!-- duration: 17ms -->
          </step><!-- duration: 23ms -->
          <step title="Error occurred" date="2025-06-12T06:58:00.117" type="error" text="Invalid argument : &apos;/home/site/wwwroot/src\sqliteStore.js&apos;" stackTrace="   at Microsoft.Win32.SafeHandles.SafeFileHandle.Open(String , OpenFlags , Int32 )
   at Microsoft.Win32.SafeHandles.SafeFileHandle.Open(String , FileMode , FileAccess , FileShare , FileOptions , Int64 )
   at System.IO.File.OpenHandle(String , FileMode , FileAccess , FileShare , FileOptions , Int64 )
   at System.IO.FileSystem.CopyFile(String , String , Boolean )
   at System.IO.File.Copy(String , String , Boolean )
   at System.IO.Abstractions.FileWrapper.Copy(String sourceFileName, String destFileName, Boolean overwrite)
   at Kudu.Core.Infrastructure.FileSystemHelpers.CopyDirectoryRecursive(String sourceDirPath, String destinationDirPath, Boolean overwrite) in /tmp/KuduLite/Kudu.Core/Infrastructure/FileSystemHelpers.cs:line 239
   at Kudu.Core.Deployment.Generator.OneDeployBuilder.Build(DeploymentContext context, CancellationToken token) in /tmp/KuduLite/Kudu.Core/Deployment/Generator/OneDeployBuilder.cs:line 113
   at Kudu.Core.Deployment.DeploymentManager.Build(ChangeSet changeSet, ITracer tracer, IDisposable deployStep, IRepository repository, DeploymentInfoBase deploymentInfo, DeploymentAnalytics deploymentAnalytics, Boolean fullBuildByDefault, CancellationToken cancellationToken) in /tmp/KuduLite/Kudu.Core/Deployment/DeploymentManager.cs:line 771
   at Kudu.Core.Deployment.DeploymentManager.Build(ChangeSet changeSet, ITracer tracer, IDisposable deployStep, IRepository repository, DeploymentInfoBase deploymentInfo, DeploymentAnalytics deploymentAnalytics, Boolean fullBuildByDefault, CancellationToken cancellationToken) in /tmp/KuduLite/Kudu.Core/Deployment/DeploymentManager.cs:line 840
   at Kudu.Core.Deployment.DeploymentManager.DeployAsync(IRepository repository, ChangeSet changeSet, String deployer, Boolean clean, DeploymentInfoBase deploymentInfo, Boolean needFileUpdate, Boolean fullBuildByDefault) in /tmp/KuduLite/Kudu.Core/Deployment/DeploymentManager.cs:line 266" /><!-- duration: 2ms -->
          <step title="Marking deployment as failed and cleaning up the temp deployment" date="2025-06-12T06:58:00.150" /><!-- duration: 2ms -->
        </step><!-- duration: 5243ms -->
      </step><!-- duration: 5253ms -->
      <step title="Error occurred" date="2025-06-12T06:58:00.224" type="error" text="Deployment failed" stackTrace="   at Kudu.Core.Deployment.DeploymentManager.DeployAsync(IRepository repository, ChangeSet changeSet, String deployer, Boolean clean, DeploymentInfoBase deploymentInfo, Boolean needFileUpdate, Boolean fullBuildByDefault) in /tmp/KuduLite/Kudu.Core/Deployment/DeploymentManager.cs:line 307
   at Kudu.Core.Deployment.FetchDeploymentManager.PerformDeployment(DeploymentInfoBase deploymentInfo, IDisposable tempDeployment, ChangeSet tempChangeSet, DeployStatusApiResult updateStatusObj) in /tmp/KuduLite/Kudu.Core/Deployment/FetchDeploymentManager.cs:line 230
   at Kudu.Core.Deployment.FetchDeploymentManager.&lt;&gt;c__DisplayClass17_0.&lt;&lt;FetchDeploy&gt;b__0&gt;d.MoveNext() in /tmp/KuduLite/Kudu.Core/Deployment/FetchDeploymentManager.cs:line 131
--- End of stack trace from previous location ---
   at Kudu.Core.Deployment.FetchDeploymentManager.FetchDeploy(DeploymentInfoBase deployInfo, Boolean asyncRequested, Uri requestUri, String targetBranch) in /tmp/KuduLite/Kudu.Core/Deployment/FetchDeploymentManager.cs:line 124
   at Kudu.Services.Deployment.PushDeploymentController.PushDeployAsync(ArtifactDeploymentInfo deploymentInfo, Boolean isAsync, HttpContext context, JObject requestJson) in /tmp/KuduLite/Kudu.Services/Deployment/PushDeploymentController.cs:line 791
   at Kudu.Services.Deployment.PushDeploymentController.OneDeploy(String type, Boolean async, String path, Nullable`1 restart, Nullable`1 clean, Boolean ignoreStack, Boolean trackDeploymentProgress, Boolean trackStatus, Boolean reset) in /tmp/KuduLite/Kudu.Services/Deployment/PushDeploymentController.cs:line 624
   at Microsoft.AspNetCore.Mvc.Infrastructure.ActionMethodExecutor.TaskOfIActionResultExecutor.Execute(IActionResultTypeMapper mapper, ObjectMethodExecutor executor, Object controller, Object[] arguments)
   at Microsoft.AspNetCore.Mvc.Infrastructure.ControllerActionInvoker.&lt;InvokeActionMethodAsync&gt;g__Awaited|12_0(ControllerActionInvoker invoker, ValueTask`1 actionResultValueTask)
   at Microsoft.AspNetCore.Mvc.Infrastructure.ControllerActionInvoker.&lt;InvokeNextActionFilterAsync&gt;g__Awaited|10_0(ControllerActionInvoker invoker, Task lastTask, State next, Scope scope, Object state, Boolean isCompleted)
   at Microsoft.AspNetCore.Mvc.Infrastructure.ControllerActionInvoker.Rethrow(ActionExecutedContextSealed context)
   at Microsoft.AspNetCore.Mvc.Infrastructure.ControllerActionInvoker.Next(State&amp; next, Scope&amp; scope, Object&amp; state, Boolean&amp; isCompleted)
   at Microsoft.AspNetCore.Mvc.Infrastructure.ControllerActionInvoker.&lt;InvokeInnerFilterAsync&gt;g__Awaited|13_0(ControllerActionInvoker invoker, Task lastTask, State next, Scope scope, Object state, Boolean isCompleted)
   at Microsoft.AspNetCore.Mvc.Infrastructure.ResourceInvoker.&lt;InvokeNextResourceFilter&gt;g__Awaited|25_0(ResourceInvoker invoker, Task lastTask, State next, Scope scope, Object state, Boolean isCompleted)
   at Microsoft.AspNetCore.Mvc.Infrastructure.ResourceInvoker.Rethrow(ResourceExecutedContextSealed context)
   at Microsoft.AspNetCore.Mvc.Infrastructure.ResourceInvoker.Next(State&amp; next, Scope&amp; scope, Object&amp; state, Boolean&amp; isCompleted)
   at Microsoft.AspNetCore.Mvc.Infrastructure.ResourceInvoker.&lt;InvokeFilterPipelineAsync&gt;g__Awaited|20_0(ResourceInvoker invoker, Task lastTask, State next, Scope scope, Object state, Boolean isCompleted)
   at Microsoft.AspNetCore.Mvc.Infrastructure.ResourceInvoker.&lt;InvokeAsync&gt;g__Awaited|17_0(ResourceInvoker invoker, Task task, IDisposable scope)
   at Microsoft.AspNetCore.Mvc.Infrastructure.ResourceInvoker.&lt;InvokeAsync&gt;g__Awaited|17_0(ResourceInvoker invoker, Task task, IDisposable scope)
   at Microsoft.AspNetCore.Builder.RouterMiddleware.Invoke(HttpContext httpContext)
   at Kudu.Services.Web.Tracing.TraceMiddleware.Invoke(HttpContext context) in /tmp/KuduLite/Kudu.Services.Web/Tracing/TraceMiddleware.cs:line 111" innerText="Invalid argument : &apos;/home/site/wwwroot/src\sqliteStore.js&apos;" innerStackTrace="   at Microsoft.Win32.SafeHandles.SafeFileHandle.Open(String , OpenFlags , Int32 )
   at Microsoft.Win32.SafeHandles.SafeFileHandle.Open(String , FileMode , FileAccess , FileShare , FileOptions , Int64 )
   at System.IO.File.OpenHandle(String , FileMode , FileAccess , FileShare , FileOptions , Int64 )
   at System.IO.FileSystem.CopyFile(String , String , Boolean )
   at System.IO.File.Copy(String , String , Boolean )
   at System.IO.Abstractions.FileWrapper.Copy(String sourceFileName, String destFileName, Boolean overwrite)
   at Kudu.Core.Infrastructure.FileSystemHelpers.CopyDirectoryRecursive(String sourceDirPath, String destinationDirPath, Boolean overwrite) in /tmp/KuduLite/Kudu.Core/Infrastructure/FileSystemHelpers.cs:line 239
   at Kudu.Core.Deployment.Generator.OneDeployBuilder.Build(DeploymentContext context, CancellationToken token) in /tmp/KuduLite/Kudu.Core/Deployment/Generator/OneDeployBuilder.cs:line 113
   at Kudu.Core.Deployment.DeploymentManager.Build(ChangeSet changeSet, ITracer tracer, IDisposable deployStep, IRepository repository, DeploymentInfoBase deploymentInfo, DeploymentAnalytics deploymentAnalytics, Boolean fullBuildByDefault, CancellationToken cancellationToken) in /tmp/KuduLite/Kudu.Core/Deployment/DeploymentManager.cs:line 771
   at Kudu.Core.Deployment.DeploymentManager.Build(ChangeSet changeSet, ITracer tracer, IDisposable deployStep, IRepository repository, DeploymentInfoBase deploymentInfo, DeploymentAnalytics deploymentAnalytics, Boolean fullBuildByDefault, CancellationToken cancellationToken) in /tmp/KuduLite/Kudu.Core/Deployment/DeploymentManager.cs:line 840
   at Kudu.Core.Deployment.DeploymentManager.DeployAsync(IRepository repository, ChangeSet changeSet, String deployer, Boolean clean, DeploymentInfoBase deploymentInfo, Boolean needFileUpdate, Boolean fullBuildByDefault) in /tmp/KuduLite/Kudu.Core/Deployment/DeploymentManager.cs:line 266" /><!-- duration: 4ms -->
      <step title="Incoming Request" date="2025-06-12T06:58:00.236" url="/Error?type=zip" method="POST" type="request" pid="820,1,19" Accept="*/*" Host="smart-notes-app-lamb2025.scm.azurewebsites.net" User-Agent="AZURECLI/2.73.0 (MSI)" Accept-Encoding="gzip, deflate" Authorization="Bas..." Cache-Control="no-cache" Content-Type="application/octet-stream" Cookie="ARRAffinity=3934d2ba198b190ab00a0d51692c574c482804c6d3bc24b2748af08de2f737a6; ARRAffinitySameSite=3934d2ba198b190ab00a0d51692c574c482804c6d3bc24b2748af08de2f737a6" Content-Length="26794" x-ms-client-request-id="882c5c77-475a-11f0-becf-40ec99edfd09" x-ms-artifact-checksum="e8ed0f2910efbfdb9fc10a88e1b399edc3ce6a036732937ef7e8a2fd88f4a38d" X-ARR-LOG-ID="882c5c77-475a-11f0-becf-40ec99edfd09" CLIENT-IP="107.214.32.197:49733" X-SITE-DEPLOYMENT-ID="smart-notes-app-lamb2025" WAS-DEFAULT-HOSTNAME="smart-notes-app-lamb2025.scm.azurewebsites.net" X-Forwarded-Proto="https" X-AppService-Proto="https" X-Forwarded-TlsVersion="1.3" X-WAWS-Unencoded-URL="/api/publish?type=zip" X-Client-IP="107.214.32.197" X-Client-Port="49733" >
        <step title="Outgoing response" date="2025-06-12T06:58:00.240" type="response" statusCode="400" statusText="BadRequest" /><!-- duration: 7ms -->
      </step><!-- duration: 18ms -->
