﻿<?xml version="1.0" encoding="utf-8"?>
<deployment>
  <id>091fb99a-9e43-4a88-b5f9-286cf963dacd</id>
  <author>N/A</author>
  <deployer>GITHUB_ZIP_DEPLOY</deployer>
  <authorEmail>N/A</authorEmail>
  <message>{"type":"deployment","sha":"84ac39770f06bab84ff9185718c55069ae47559c","repoName":"musicFlow9999/Smart-Note-Taking-Web-App-Implementation-Guide","actor":"musicFlow9999","slotName":"production","commitMessage":"Merge pull request #21 from musicFlow9999/codex/fix-rsync-errors-and-container-stability\n\nFix deploy workflow"}</message>
  <progress></progress>
  <status>Success</status>
  <statusText></statusText>
  <lastSuccessEndTime>2025-06-13T03:17:40.7201425Z</lastSuccessEndTime>
  <receivedTime>2025-06-13T03:17:38.4212088Z</receivedTime>
  <startTime>2025-06-13T03:17:39.6528028Z</startTime>
  <endTime>2025-06-13T03:17:40.7201425Z</endTime>
  <complete>True</complete>
  <is_temp>False</is_temp>
  <is_readonly>True</is_readonly>
  <buildSummary />
</deployment>