﻿<?xml version="1.0" encoding="utf-8"?>
<deployment>
  <id>24389845-c471-44b9-a3bb-7bbc499c5473</id>
  <author>N/A</author>
  <deployer>GITHUB_ZIP_DEPLOY</deployer>
  <authorEmail>N/A</authorEmail>
  <message>{"type":"deployment","sha":"6ec653af2d50cc8b7fb7091912bd939c0ed78f45","repoName":"musicFlow9999/Smart-Note-Taking-Web-App-Implementation-Guide","actor":"musicFlow9999","slotName":"production","commitMessage":"Update documentation: Security fix completed, all endpoints verified"}</message>
  <progress></progress>
  <status>Success</status>
  <statusText></statusText>
  <lastSuccessEndTime>2025-06-13T04:29:05.9120456Z</lastSuccessEndTime>
  <receivedTime>2025-06-13T04:29:00.1027103Z</receivedTime>
  <startTime>2025-06-13T04:29:02.783232Z</startTime>
  <endTime>2025-06-13T04:29:05.9120456Z</endTime>
  <complete>True</complete>
  <is_temp>False</is_temp>
  <is_readonly>True</is_readonly>
  <buildSummary />
</deployment>