﻿<?xml version="1.0" encoding="utf-8"?>
<deployment>
  <id>ba5096f6-1ed5-4ec8-8361-485102aba918</id>
  <author>N/A</author>
  <deployer>OneDeploy</deployer>
  <authorEmail>N/A</authorEmail>
  <message>OneDeploy</message>
  <progress></progress>
  <status>Success</status>
  <statusText></statusText>
  <lastSuccessEndTime>2025-06-13T03:52:47.3835084Z</lastSuccessEndTime>
  <receivedTime>2025-06-13T03:52:45.2019743Z</receivedTime>
  <startTime>2025-06-13T03:52:46.4288307Z</startTime>
  <endTime>2025-06-13T03:52:47.3835084Z</endTime>
  <complete>True</complete>
  <is_temp>False</is_temp>
  <is_readonly>True</is_readonly>
  <buildSummary />
</deployment>