﻿<?xml version="1.0" encoding="utf-8"?>
<deployment>
  <id>3d262197-6b3a-468f-a158-2f18b5d9b525</id>
  <author>N/A</author>
  <deployer>GITHUB_ZIP_DEPLOY</deployer>
  <authorEmail>N/A</authorEmail>
  <message>{"type":"deployment","sha":"b0b4b326a35371d3962a1e99a380d2bc0f67751b","repoName":"musicFlow9999/Smart-Note-Taking-Web-App-Implementation-Guide","actor":"musicFlow9999","slotName":"production","commitMessage":"Update documentation: Database schema issue resolved, all tests passing"}</message>
  <progress></progress>
  <status>Success</status>
  <statusText></statusText>
  <lastSuccessEndTime>2025-06-13T04:55:04.8477778Z</lastSuccessEndTime>
  <receivedTime>2025-06-13T04:55:01.3575243Z</receivedTime>
  <startTime>2025-06-13T04:55:03.1053643Z</startTime>
  <endTime>2025-06-13T04:55:04.8477778Z</endTime>
  <complete>True</complete>
  <is_temp>False</is_temp>
  <is_readonly>True</is_readonly>
  <buildSummary />
</deployment>