﻿<?xml version="1.0" encoding="utf-8"?>
<deployment>
  <id>6d061632-9cf0-4cf0-bf0d-a10f405dbaee</id>
  <author>N/A</author>
  <deployer>GITHUB_ZIP_DEPLOY</deployer>
  <authorEmail>N/A</authorEmail>
  <message>{"type":"deployment","sha":"065ba38432ec3248702e34d9629d0ba52988a0d4","repoName":"musicFlow9999/Smart-Note-Taking-Web-App-Implementation-Guide","actor":"musicFlow9999","slotName":"production","commitMessage":"Security: Remove test credentials from frontend display"}</message>
  <progress></progress>
  <status>Success</status>
  <statusText></statusText>
  <lastSuccessEndTime>2025-06-13T04:28:48.207336Z</lastSuccessEndTime>
  <receivedTime>2025-06-13T04:28:45.8975517Z</receivedTime>
  <startTime>2025-06-13T04:28:47.2061229Z</startTime>
  <endTime>2025-06-13T04:28:48.207336Z</endTime>
  <complete>True</complete>
  <is_temp>False</is_temp>
  <is_readonly>True</is_readonly>
  <buildSummary />
</deployment>