﻿<?xml version="1.0" encoding="utf-8"?>
<deployment>
  <id>7983235a-b663-4d69-88ce-9c80e5972c8d</id>
  <author>N/A</author>
  <deployer>GITHUB_ZIP_DEPLOY</deployer>
  <authorEmail>N/A</authorEmail>
  <message>{"type":"deployment","sha":"6936f88fef916907e0ddc3ab6d84d8ad90f7651c","repoName":"musicFlow9999/Smart-Note-Taking-Web-App-Implementation-Guide","actor":"musicFlow9999","slotName":"production","commitMessage":"Merge pull request #22 from musicFlow9999/codex/fix-503-error-on-app-container-startup\n\nFix log directory startup failure"}</message>
  <progress></progress>
  <status>Success</status>
  <statusText></statusText>
  <lastSuccessEndTime>2025-06-13T04:09:54.5652228Z</lastSuccessEndTime>
  <receivedTime>2025-06-13T04:09:52.1430938Z</receivedTime>
  <startTime>2025-06-13T04:09:53.3797184Z</startTime>
  <endTime>2025-06-13T04:09:54.5652228Z</endTime>
  <complete>True</complete>
  <is_temp>False</is_temp>
  <is_readonly>True</is_readonly>
  <buildSummary />
</deployment>