﻿<?xml version="1.0" encoding="utf-8"?>
<deployment>
  <id>582228b4-7fbe-43f1-a30b-4043acc2f2f3</id>
  <author>N/A</author>
  <deployer>GITHUB_ZIP_DEPLOY</deployer>
  <authorEmail>N/A</authorEmail>
  <message>{"type":"deployment","sha":"5179c3dfb47d2f3172d53d554fad14433c3344a2","repoName":"musicFlow9999/Smart-Note-Taking-Web-App-Implementation-Guide","actor":"musicFlow9999","slotName":"production","commitMessage":"Fix database initialization: ensure data directory exists before creating SQLite database"}</message>
  <progress></progress>
  <status>Success</status>
  <statusText></statusText>
  <lastSuccessEndTime>2025-06-13T04:25:18.8295569Z</lastSuccessEndTime>
  <receivedTime>2025-06-13T04:25:16.6349002Z</receivedTime>
  <startTime>2025-06-13T04:25:17.8754394Z</startTime>
  <endTime>2025-06-13T04:25:18.8295569Z</endTime>
  <complete>True</complete>
  <is_temp>False</is_temp>
  <is_readonly>True</is_readonly>
  <buildSummary />
</deployment>