﻿<?xml version="1.0" encoding="utf-8"?>
<deployment>
  <id>4ef30569-7ff2-4015-b20f-b970ecbc6be0</id>
  <author>N/A</author>
  <deployer>Push-Deployer</deployer>
  <authorEmail>N/A</authorEmail>
  <message>Created via a push deployment</message>
  <progress></progress>
  <status>Success</status>
  <statusText></statusText>
  <lastSuccessEndTime>2025-06-13T03:05:45.3829826Z</lastSuccessEndTime>
  <receivedTime>2025-06-13T03:05:41.9974831Z</receivedTime>
  <startTime>2025-06-13T03:05:43.5215299Z</startTime>
  <endTime>2025-06-13T03:05:45.3829826Z</endTime>
  <complete>True</complete>
  <is_temp>False</is_temp>
  <is_readonly>True</is_readonly>
  <buildSummary />
</deployment>