﻿<?xml version="1.0" encoding="utf-8"?>
<deployment>
  <id>1a153bcc-985a-4fd5-a781-5f6eec6fd7b0</id>
  <author>N/A</author>
  <deployer>Push-Deployer</deployer>
  <authorEmail>N/A</authorEmail>
  <message>Created via a push deployment</message>
  <progress></progress>
  <status>Success</status>
  <statusText></statusText>
  <lastSuccessEndTime>2025-06-10T04:06:06.7508738Z</lastSuccessEndTime>
  <receivedTime>2025-06-10T04:06:03.7713021Z</receivedTime>
  <startTime>2025-06-10T04:06:04.9977297Z</startTime>
  <endTime>2025-06-10T04:06:06.7508738Z</endTime>
  <complete>True</complete>
  <is_temp>False</is_temp>
  <is_readonly>True</is_readonly>
  <buildSummary />
</deployment>